Request Id,request_e2e_time,request_e2e_time_normalized,request_execution_time,request_execution_time_normalized,request_model_execution_time,request_model_execution_time_normalized,request_preemption_time,request_scheduling_delay,request_execution_plus_preemption_time,request_execution_plus_preemption_time_normalized,prefill_e2e_time,prefill_time_execution_plus_preemption,prefill_time_execution_plus_preemption_normalized,decode_time_execution_plus_preemption_normalized,request_inter_arrival_delay,request_num_tokens,request_num_prefill_tokens,request_num_decode_tokens,request_pd_ratio,request_num_restarts
0,5.413802631985054,0.008068260256311556,5.413802631985062,0.008068260256311568,5.413802631985062,0.008068260256311568,0.0,0.0,5.413802631985062,0.008068260256311568,0.007568394819047614,0.007568394819047614,4.0690294726062435e-05,0.00805698097938302,,857,186,671,0.27719821162444114,0
1,5.079979160698293,0.007912740125698274,5.077476533687801,0.007908841952784738,5.077476533687801,0.007908841952784738,0.0,0.0025026270104998305,5.077476533687801,0.007908841952784738,0.013712740753645591,0.011210113743145761,3.41771760461761e-05,0.007891380716424683,0.005065767808547783,970,328,642,0.5109034267912772,0
2,14.67776111938552,0.011204397801057649,14.67559931441831,0.011202747568258252,14.67559931441831,0.011202747568258252,0.0,0.0021618049672237905,14.67559931441831,0.011202747568258252,0.01223767717039842,0.01007587220317463,3.2502813558627836e-05,0.011195056062759634,0.06432481281499308,1620,310,1310,0.2366412213740458,0
3,0.8623998718585941,0.006073238534215451,0.8594462670222214,0.0060524385001564885,0.8594462670222214,0.0060524385001564885,0.0,0.0029536048363754674,0.8594462670222214,0.0060524385001564885,0.009739674677645305,0.006786069841269837,6.283398001175775e-05,0.006004649275922175,0.05051723713402273,250,108,142,0.7605633802816901,0
4,2.1459820340727207,0.007082448957335712,2.143669128928138,0.007074815607023558,2.143669128928138,0.007074815607023558,0.0,0.0023129051445995863,2.143669128928138,0.007074815607023558,0.011818335849361539,0.009505430704761952,4.301099866408123e-05,0.007043444548591945,0.2667185345616166,524,221,303,0.7293729372937293,0
5,0.7262451351262884,0.006426948098462729,0.7233817009223666,0.006401607972764307,0.7233817009223666,0.006401607972764307,0.0,0.0028634342039286498,0.7233817009223666,0.006401607972764307,0.010761292794404853,0.007897858590476203,5.300576235218928e-05,0.006331715418866226,0.2258346017597186,262,149,113,1.3185840707964602,0
6,6.649191373113178,0.00645552560496425,6.649191373113162,0.006455525604964235,6.649191373113162,0.006455525604964235,0.0,0.0,6.649191373113162,0.006455525604964235,0.05054097787243861,0.05054097787243861,3.110214022919299e-05,0.006406456694408484,0.07561088437301722,2655,1625,1030,1.5776699029126213,0
7,2.4150589630961923,0.007815724799664053,2.408952508606419,0.007795962811024009,2.408952508606419,0.007795962811024009,0.0,0.006106454489795077,2.408952508606419,0.007795962811024009,0.012611676737414035,0.006505222247618958,0.00017581681750321508,0.0077749103118407055,0.018190480921313146,346,37,309,0.11974110032362459,0
8,0.1825615853233371,0.007606732721805713,0.18056361863665224,0.00752348410986051,0.18056361863665224,0.00752348410986051,0.0,0.001997966686685837,0.18056361863665224,0.00752348410986051,0.008964308934304777,0.00696634224761894,9.811749644533717e-05,0.007233219849543014,0.10960923187929827,95,71,24,2.9583333333333335,0
10,0.3112280115072148,0.008645222541867078,0.30896757229206345,0.008582432563668429,0.30896757229206345,0.008582432563668429,0.0,0.0022604392151541752,0.30896757229206345,0.008582432563668429,0.04148712233434604,0.03922668311919186,3.5212462405019624e-05,0.007492802477024132,0.05539337463343652,1150,1114,36,30.944444444444443,0
11,0.894397339374668,0.007644421704056992,0.8864669392761894,0.0075766405066340975,0.8864669392761894,0.0075766405066340975,0.0,0.007930400098487889,0.8864669392761894,0.0075766405066340975,0.023014219914938128,0.015083819816450239,0.00017140704336875273,0.007447718969741281,0.01361489488333012,205,88,117,0.7521367521367521,0
12,0.6071701841360133,0.0062594864343918895,0.6013519106354962,0.006199504233355631,0.6013519106354962,0.006199504233355631,0.0,0.005818273500523663,0.6013519106354962,0.006199504233355631,0.018914326764593037,0.013096053264069374,3.340829914303412e-05,0.006064493374963096,0.00537888073606152,489,392,97,4.041237113402062,0
13,0.9420320935123643,0.0077215745369865925,0.9393827047757564,0.007699858235866855,0.9393827047757564,0.007699858235866855,0.0,0.002649388736616576,0.9393827047757564,0.007699858235866855,0.010147773650902359,0.007498384914285783,0.00019732591879699428,0.007638396064438212,0.04433833383273611,160,38,122,0.3114754098360656,0
14,3.9778634073146852,0.009208017146561772,3.9748962888416446,0.009201148816763066,3.9748962888416446,0.009201148816763066,0.0,0.0029671184730524214,3.9748962888416446,0.009201148816763066,0.010752932314322283,0.007785813841269862,8.19559351712617e-05,0.009183126099537876,0.20989840024451456,527,95,432,0.2199074074074074,0
15,61.75986496766145,0.01954426106571565,61.757331441395635,0.01954345931689735,61.757331441395635,0.01954345931689735,0.0,0.002533526265840358,61.757331441395635,0.01954345931689735,0.009727773427745223,0.007194247161904865,0.0003597123580952433,0.01954118265640307,0.15746585084848008,3180,20,3160,0.006329113924050633,0
16,14.010731261232488,0.012656487137518055,14.008133092512402,0.012654140101637219,14.008133092512402,0.012654140101637219,0.0,0.0025981687200951065,14.008133092512402,0.012654140101637219,0.01775756866699263,0.015159399946897523,3.074928995313899e-05,0.012640445973410566,0.04980528379336491,1600,493,1107,0.44534778681120146,0
17,0.7827037461994815,0.008507649415211755,0.7785131222976138,0.008462099155408846,0.7785131222976138,0.008462099155408846,0.0,0.004190623901875412,0.7785131222976138,0.008462099155408846,0.04642287420836855,0.042232250306493135,3.5729484184850365e-05,0.00800305295642514,0.032299425843434815,1274,1182,92,12.847826086956522,0
18,1.6971715026625733,0.008360450752032381,1.6919783823129748,0.008334868878389039,1.6919783823129748,0.008334868878389039,0.0,0.0051931203496042855,1.6919783823129748,0.008334868878389039,0.015353198521032674,0.010160078171428388,5.029741669023955e-05,0.008284819232224338,0.0819987701854612,405,202,203,0.9950738916256158,0
19,0.570179398701578,0.00619760215979976,0.5667875364571413,0.006160734091925449,0.5667875364571413,0.006160734091925449,0.0,0.0033918622444435442,0.5667875364571413,0.006160734091925449,0.013030736301586465,0.009638874057142921,4.525292984574141e-05,0.0060559637217390385,0.001303993710853213,305,213,92,2.3152173913043477,0
20,1.4386367230201884,0.008512643331480404,1.4358586244947948,0.008496204878667426,1.4358586244947948,0.008496204878667426,0.0,0.002778098525400008,1.4358586244947948,0.008496204878667426,0.018842221873518472,0.016064123348118464,3.49220072785184e-05,0.008401150894358994,0.15477965629364565,629,460,169,2.7218934911242605,0
21,1.0376896283412238,0.008436501043424584,1.0313787590814552,0.008385193163263863,1.0313787590814552,0.008385193163263863,0.0,0.0063108692597722005,1.0313787590814552,0.008385193163263863,0.014246332421676833,0.007935463161904632,0.0007935463161904633,0.008320677202597942,0.2395579881946972,133,10,123,0.08130081300813008,0
23,0.455185465390219,0.008276099370731255,0.45080704335238175,0.008196491697316031,0.45080704335238175,0.008196491697316031,0.0,0.004378422037837115,0.45080704335238175,0.008196491697316031,0.01251424339656726,0.008135821358730144,0.0004785777269841261,0.00804856767261185,0.11414803282839969,72,17,55,0.3090909090909091,0
24,0.9394166057449684,0.009888595849947036,0.9373604878595182,0.009866952503784401,0.9373604878595182,0.009866952503784401,0.0,0.0020561178854561213,0.9373604878595182,0.009866952503784401,0.014370227802916524,0.012314109917460403,4.848074770653702e-05,0.009737330294126862,0.1448145346097811,349,254,95,2.6736842105263157,0
25,2.298525189907954,0.011550377838733437,2.2964715169447474,0.011540057874094208,2.2964715169447474,0.011540057874094208,0.0,0.0020536729632061324,2.2964715169447474,0.011540057874094208,0.019004952831959798,0.016951279868753666,3.969854770199922e-05,0.01145487556319595,0.08207378597621684,626,427,199,2.1457286432160805,0
26,4.057969444923646,0.012186094429200139,4.0496499519343,0.012161110966769669,4.0496499519343,0.012161110966769669,0.0,0.008319492989365518,4.0496499519343,0.012161110966769669,0.01711855188460376,0.008799058895238243,0.000977673210582027,0.01213468736648361,0.019466530267991278,342,9,333,0.02702702702702703,0
27,3.474036578730869,0.012020887815677747,3.4688663336485868,0.012002997694285767,3.4688663336485868,0.012002997694285767,0.0,0.0051702450823030155,3.4688663336485868,0.012002997694285767,0.013987179279128625,0.00881693419682561,0.0005186431880485653,0.01197248927145931,0.020343736999126172,306,17,289,0.058823529411764705,0
28,2.2382179748983297,0.012230699316384316,2.232399417525055,0.01219890392090194,2.232399417525055,0.01219890392090194,0.0,0.005818557373279631,2.232399417525055,0.01219890392090194,0.016572319024072968,0.010753761650793336,0.0001311434347657724,0.01214014019603419,0.015892337661640887,265,82,183,0.44808743169398907,0
29,6.293475544611662,0.013447597317546287,6.2923100788471995,0.01344510700608376,6.2923100788471995,0.01344510700608376,0.0,0.001165465764469964,6.2923100788471995,0.01344510700608376,0.08726002689809231,0.08609456113362235,3.965663801640827e-05,0.013261144268618739,0.14189740629093794,2639,2171,468,4.638888888888889,0
30,7.236733659707787,0.013654214452278844,7.233029754598472,0.013647225952072588,7.233029754598472,0.013647225952072588,0.0,0.00370390510934282,7.233029754598472,0.013647225952072588,0.014644879331565441,0.010940974222222621,0.00016832268034188647,0.013626582604483437,0.07285407709724812,595,65,530,0.12264150943396226,0
31,5.487295857485802,0.013649989695238313,5.480770303315353,0.013633756973421276,5.480770303315353,0.013633756973421276,0.0,0.006525554170448089,5.480770303315353,0.013633756973421276,0.03981763022239626,0.03329207605194817,4.0949663040526655e-05,0.013550940863839317,0.14207355581165793,1215,813,402,2.0223880597014925,0
32,7.858379871330233,0.013958045952629188,7.8560660817996135,0.013953936202130751,7.8560660817996135,0.013953936202130751,0.0,0.0023137895306533096,7.8560660817996135,0.013953936202130751,0.013511372971922953,0.011197583441269643,0.00011912322809861322,0.01393404706635579,0.1536724848060338,657,94,563,0.1669626998223801,0
33,4.174721494212205,0.006934753312644859,4.173270931431916,0.006932343739920127,4.173270931431916,0.006932343739920127,0.0,0.0014505627801879584,4.173270931431916,0.006932343739920127,0.010024925497647885,0.008574362717459927,9.422376612593326e-05,0.006918100612482653,0.00025163754697388185,693,91,602,0.1511627906976744,0
34,0.13986602195862297,0.015540669106513662,0.13322222244422266,0.014802469160469185,0.13322222244422266,0.014802469160469185,0.0,0.006643799514399085,0.13322222244422266,0.014802469160469185,0.046806141730050044,0.04016234221565096,4.2771397460757145e-05,0.010339986692063659,0.09513493656979666,948,939,9,104.33333333333333,0
35,1.5449049311981762,0.013671725054851116,1.4902438452390314,0.013187998630433906,1.4902438452390314,0.013187998630433906,0.0,0.05466108595916097,1.4902438452390314,0.013187998630433906,0.09724223647957331,0.042581150520412336,9.337971605353583e-05,0.012811174289545159,0.020744527138673696,569,456,113,4.035398230088496,0
36,3.1868951174987536,0.01391657256549674,3.1749490290220055,0.013864406240270766,3.1749490290220055,0.013864406240270766,0.0,0.011946088476752159,3.1749490290220055,0.013864406240270766,0.02565038917516471,0.013704300698412553,0.00019033750970017435,0.013804562132417418,0.17130519563752866,301,72,229,0.314410480349345,0
37,0.35689760495555856,0.014275904198222342,0.33333607613737504,0.013333443045495002,0.33333607613737504,0.013333443045495002,0.0,0.023561528818193622,0.33333607613737504,0.013333443045495002,0.06229544906985307,0.03873392025165945,0.00010468627095043094,0.01178408623542822,0.031758388916871994,395,370,25,14.8,0
38,10.073862835201933,0.01479275012511297,10.07149116659768,0.014789267498675008,10.07149116659768,0.014789267498675008,0.0,0.002371668604334687,10.07149116659768,0.014789267498675008,0.015809444045604693,0.013437775441270006,0.0001255866863670094,0.014769535082461567,0.0387783821131249,788,107,681,0.15712187958883994,0
39,0.8010336166924343,0.014304171726650614,0.7978629051451657,0.014247551877592244,0.7978629051451657,0.014247551877592244,0.0,0.0031707115472672243,0.7978629051451657,0.014247551877592244,0.060630577218840465,0.05745986567157324,4.6867753402588285e-05,0.013221482847742747,0.17224318826976948,1282,1226,56,21.892857142857142,0
40,44.77388378538876,0.020728649900642944,44.769046899483065,0.02072641060161253,44.769046899483065,0.02072641060161253,0.0,0.004836885905783461,44.769046899483065,0.02072641060161253,0.017257251620069525,0.012420365714286064,0.001552545714285758,0.02072066043230032,0.04565263516088347,2168,8,2160,0.003703703703703704,0
41,52.48248817243016,0.021291070252507163,52.474612428861555,0.021287875224690285,52.474612428861555,0.021287875224690285,0.0,0.00787574356869225,52.474612428861555,0.021287875224690285,0.020363121397263484,0.012487377828571233,0.0002601537047619007,0.021282809351331804,0.009381508051377274,2513,48,2465,0.01947261663286004,0
42,2.8080889348248768,0.014110999672486817,2.8022038260113216,0.014081426261363425,2.8022038260113216,0.014081426261363425,0.0,0.005885108813544093,2.8022038260113216,0.014081426261363425,0.02228724687068695,0.016402138057142857,8.454710338733431e-05,0.01399900345705623,0.05172779406943295,393,194,199,0.9748743718592965,0
43,0.27171006995134306,0.014300529997439108,0.2674065952023086,0.014074031326437295,0.2674065952023086,0.014074031326437295,0.0,0.004303474749034919,0.2674065952023086,0.014074031326437295,0.017360384463320777,0.013056909714285858,0.0005440379047619107,0.013386825552001172,0.06832573143593645,43,24,19,1.263157894736842,0
44,1.3253396799511012,0.014564172307154958,1.3246103999795753,0.014556158241533794,1.3246103999795753,0.014556158241533794,0.0,0.0007292799715230558,1.3246103999795753,0.014556158241533794,0.014876653228665937,0.014147373257142881,0.00013346578544474417,0.014400692601345444,0.01663110449179772,197,106,91,1.164835164835165,0
45,1.3034697445965095,0.014812156188596699,1.2893884536176703,0.014652141518382617,1.2893884536176703,0.014652141518382617,0.0,0.01408129097883748,1.2893884536176703,0.014652141518382617,0.026331131131218655,0.012249840152381175,0.002449968030476235,0.014512938789378305,0.012376909859257879,93,5,88,0.056818181818181816,0
47,20.218193862448736,0.016834466163570972,20.216069949222998,0.016832697709594502,20.216069949222998,0.016832697709594502,0.0,0.002123913225740459,20.216069949222998,0.016832697709594502,0.06414324778042957,0.06201933455468911,4.66310786125482e-05,0.016781057963920324,0.08643348289595476,2531,1330,1201,1.1074104912572855,0
48,1.2691701448539785,0.015109168391118791,1.2574720914566284,0.014969905850674148,1.2574720914566284,0.014969905850674148,0.0,0.011698053397343422,1.2574720914566284,0.014969905850674148,0.049262771210907275,0.03756471781356385,4.6148301982265175e-05,0.014522706829084181,0.06583139315994391,898,814,84,9.69047619047619,0
49,1.078133243733447,0.014768948544293795,1.0746848384996306,0.014721710116433296,1.0746848384996306,0.014721710116433296,0.0,0.003448405233809737,1.0746848384996306,0.014721710116433296,0.01778530626238073,0.014336901028570992,0.00010168014913880137,0.014525314211932415,0.06028248328105157,214,141,73,1.9315068493150684,0
50,0.42592874754269516,0.019360397615577053,0.4233711547593735,0.01924414339815334,0.4233711547593735,0.01924414339815334,0.0,0.002557592783322349,0.4233711547593735,0.01924414339815334,0.13662873524565988,0.13407114246233753,4.626333418300122e-05,0.013150000558956149,0.09246455005048837,2920,2898,22,131.72727272727272,0
51,32.10598590993325,0.01934095536742967,32.039867841226965,0.019301125205558413,32.039867841226965,0.019301125205558413,0.0,0.06611806870642667,32.039867841226965,0.019301125205558413,0.11120010543289993,0.04508203672647326,0.0001065769189751141,0.019273967352108647,0.04701970329074889,2083,423,1660,0.2548192771084337,0
52,0.41663997831246213,0.006943999638541035,0.4154306112507925,0.006923843520846542,0.4154306112507925,0.006923843520846542,0.0,0.0012093670616959429,0.4154306112507925,0.006923843520846542,0.010389052445823665,0.009179685384127723,5.884413707774181e-05,0.006770848764443975,0.062115864227997974,216,156,60,2.6,0
53,0.3385409385427245,0.01471917124098802,0.33667115619740184,0.014637876356408775,0.33667115619740184,0.014637876356408775,0.0,0.0018697823453202034,0.33667115619740184,0.014637876356408775,0.01966848238341612,0.017798700038095916,8.05371042447779e-05,0.013864019833013408,0.13519058035664422,244,221,23,9.608695652173912,0
54,3.9402801545440784,0.014224838103047215,3.936091125037792,0.014209715252844014,3.936091125037792,0.014209715252844014,0.0,0.004189029506308728,3.936091125037792,0.014209715252844014,0.018448904553928003,0.014259875047619275,0.0007922152804232931,0.014158235559531229,0.03795952256988144,295,18,277,0.06498194945848375,0
55,61.30606780359754,0.021708947522520377,61.29226911975396,0.021704061303029022,61.29226911975396,0.021704061303029022,0.0,0.013798683843566195,61.29226911975396,0.021704061303029022,0.028244770091184535,0.01444608624761834,0.00010944004733044197,0.021698945833394604,0.05818055399770472,2956,132,2824,0.046742209631728045,0
56,1.0550703849368084,0.007177349557393254,1.0500384348421348,0.007143118604368264,1.0500384348421348,0.007143118604368264,0.0,0.005031950094599225,1.0500384348421348,0.007143118604368264,0.016067064964440547,0.011035114869841323,3.7155268922024656e-05,0.007068049795730394,0.009295706980639196,444,297,147,2.020408163265306,0
57,6.704142878981221,0.014964604640583083,6.697499874815484,0.014949776506284563,6.697499874815484,0.014949776506284563,0.0,0.006643004165775679,6.697499874815484,0.014949776506284563,0.021684038883236667,0.015041034717460988,0.00025493279182137266,0.014916202768075858,0.26122089134247695,507,59,448,0.13169642857142858,0
58,11.908376224313837,0.015648326181752742,11.895815686773124,0.01563182087618019,11.895815686773124,0.01563182087618019,0.0,0.012560537540695194,11.895815686773124,0.01563182087618019,0.02591306615021871,0.013352528609523517,0.001112710717460293,0.015614274846469933,0.0356824401615885,773,12,761,0.01576872536136662,0
60,29.671716100576372,0.019728534641340674,29.66941488768898,0.01972700457958044,29.66941488768898,0.01972700457958044,0.0,0.0023012128875468107,29.66941488768898,0.01972700457958044,0.016440935605007923,0.014139722717461112,0.0002396563172451036,0.019717603168199045,0.13135854025531835,1563,59,1504,0.03922872340425532,0
61,58.028844434959986,0.022089396435081836,58.02641094126274,0.022088470095646264,58.02641094126274,0.022088470095646264,0.0,0.0024334936970831222,58.02641094126274,0.022088470095646264,0.019938949087558555,0.017505455390475433,6.459577634861784e-05,0.02208180642781592,0.09337840715370938,2898,271,2627,0.10315949752569471,0
62,1.3931035360327346,0.008146804304284997,1.3861283594231528,0.008106013797796215,1.3861283594231528,0.008106013797796215,0.0,0.006975176609604006,1.3861283594231528,0.008106013797796215,0.12550242588672766,0.11852724927712366,3.380697355308718e-05,0.007412871989157936,0.005729698850704068,3677,3506,171,20.502923976608187,0
63,1.2029847244513672,0.007425831632415847,1.1981831508317442,0.0073961922890848405,1.1981831508317442,0.0073961922890848405,0.0,0.0048015736196429515,1.1981831508317442,0.0073961922890848405,0.013284042800595586,0.008482469180952634,0.0003262488146520244,0.00734383136821464,0.02115584356222655,188,26,162,0.16049382716049382,0
64,23.278234562600232,0.018940792972009953,23.274410958958693,0.018937681821772738,23.274410958958693,0.018937681821772738,0.0,0.0038236036415852936,23.274410958958693,0.018937681821772738,0.020964732225712268,0.017141128584126974,6.911745396825393e-05,0.018923734605674956,0.10336752035748198,1477,248,1229,0.2017900732302685,0
65,1.675882481706239,0.007071234100026325,1.671551213642713,0.00705295870735322,1.671551213642713,0.00705295870735322,0.0,0.004331268063461735,1.671551213642713,0.00705295870735322,0.012364137244414763,0.008032869180953028,2.3216384916049215e-05,0.007019064744564659,0.2992217664488681,583,346,237,1.459915611814346,0
66,4.417414080620334,0.01555427493176174,4.413590925355186,0.01554081311744784,4.413590925355186,0.01554081311744784,0.0,0.003823155265195055,4.413590925355186,0.01554081311744784,0.01879025078265606,0.014967095517461004,0.0002050287057186439,0.015488112076893233,0.05202585150213146,357,73,284,0.25704225352112675,0
67,1.5603487260881543,0.01514901675813742,1.5480838262695549,0.015029940060869464,1.5480838262695549,0.015029940060869464,0.0,0.01226489981862855,1.5480838262695549,0.015029940060869464,0.02556473006624671,0.01329983024761816,0.0008866553498412107,0.014900815495358327,0.00652535096402751,118,15,103,0.14563106796116504,0
68,24.266225327082957,0.0193974622918329,24.26334232809033,0.01939515773628324,24.26334232809033,0.01939515773628324,0.0,0.002882998992607355,24.26334232809033,0.01939515773628324,0.016314371335464983,0.013431372342857628,0.0005839727105590273,0.019384421227615904,0.07579960871173341,1274,23,1251,0.01838529176658673,0
69,1.5898206722010944,0.01528673723270283,1.5823203155605312,0.015214618418851262,1.5823203155605312,0.015214618418851262,0.0,0.007500356640592898,1.5823203155605312,0.015214618418851262,0.021456383154879077,0.01395602651428618,3.338762323991909e-05,0.015080425856213608,0.06232416661868179,522,418,104,4.019230769230769,0
70,1.771437923725772,0.015538929155489229,1.77016861412561,0.015527794860750966,1.77016861412561,0.015527794860750966,0.0,0.0012693096001967774,1.77016861412561,0.015527794860750966,0.05920144247176928,0.057932132871572506,5.9054161948595824e-05,0.015019618256614058,0.04739344277373014,1095,981,114,8.605263157894736,0
71,0.8543760853290543,0.01582177935794545,0.8459175949579318,0.015665140647369107,0.8459175949579318,0.015665140647369107,0.0,0.00845849037113311,0.8459175949579318,0.015665140647369107,0.024433905888592733,0.015975415517459624,0.00027543819857689004,0.015369299619267807,0.07783806617489653,112,58,54,1.0740740740740742,0
72,4.1031690191015215,0.015965638206620707,4.037094560188083,0.015708539144700714,4.037094560188083,0.015708539144700714,0.0,0.06607445891348362,4.037094560188083,0.015708539144700714,0.08681089665316577,0.020736437739682145,0.0013824291826454763,0.015627852616530567,0.04157144543303204,272,15,257,0.058365758754863814,0
73,1.0560494287016624,0.015761931771666602,1.0448117928968803,0.015594205864132541,1.0448117928968803,0.015594205864132541,0.0,0.0112376358047932,1.0448117928968803,0.015594205864132541,0.028304569036539107,0.017066933231745907,0.00014463502738767717,0.0153394755173899,0.07557326084837257,185,118,67,1.7611940298507462,0
74,49.10976777497628,0.022673022980136785,49.10469372863628,0.022670680391798835,49.10469372863628,0.022670680391798835,0.0,0.005074046340160621,49.10469372863628,0.022670680391798835,0.020687422543335998,0.015613376203175378,0.00016096264126984924,0.02266347200019988,0.06819433903126537,2263,97,2166,0.04478301015697138,0
75,0.872762306663244,0.0072730192221936996,0.868548562227992,0.007237904685233267,0.868548562227992,0.007237904685233267,0.0,0.0042137444352725595,0.868548562227992,0.007237904685233267,0.011253618060669268,0.007039873625396709,0.0005028481160997649,0.007179239071688122,0.00526558240554742,134,14,120,0.11666666666666667,0
76,3.2920821258627786,0.015903778385810526,3.284959290935203,0.015869368555242524,3.284959290935203,0.015869368555242524,0.0,0.007122834927608679,3.284959290935203,0.015869368555242524,0.030326312561442137,0.023203477633833458,5.4984544156003454e-05,0.01575727446039293,0.10061829929461119,629,422,207,2.0386473429951693,0
77,0.2518015512146654,0.016786770080977693,0.23453016622222206,0.015635344414814803,0.23453016622222206,0.015635344414814803,0.0,0.017271384992444183,0.23453016622222206,0.015635344414814803,0.03720240386228468,0.0199310188698405,7.092889277523309e-05,0.014306609823492049,0.046376444230421754,296,281,15,18.733333333333334,0
78,10.19518684867064,0.016963705239052645,10.188682703169151,0.01695288303355932,10.188682703169151,0.01695288303355932,0.0,0.006504145501420311,10.188682703169151,0.01695288303355932,0.022050430149040068,0.015546284647619757,0.0012955237206349797,0.01692701567141697,0.06154435085610288,613,12,601,0.019966722129783693,0
79,56.04237721600899,0.02268922154494291,56.03309380867659,0.022685463080435866,56.03309380867659,0.022685463080435866,0.0,0.009283407332357996,56.03309380867659,0.022685463080435866,0.02477653997997642,0.015493132647618424,0.0009683207904761515,0.022679190557096763,0.05663909915953802,2486,16,2470,0.006477732793522267,0
80,4.45824312049926,0.01592229685892593,4.457642980643009,0.01592015350229646,4.457642980643009,0.01592015350229646,0.0,0.0006001398562496263,4.457642980643009,0.01592015350229646,0.015396024656249452,0.014795884799999826,0.0016439871999999805,0.01586731105658218,0.025011673940086965,289,9,280,0.03214285714285714,0
81,0.11832925046955012,0.01690417863850716,0.10456234133333354,0.014937477333333364,0.10456234133333354,0.014937477333333364,0.0,0.013766909136219141,0.10456234133333354,0.014937477333333364,0.02906637138383772,0.015299462247618578,0.0008052348551378199,0.012751839869387485,0.06096336984383832,26,19,7,2.7142857142857144,0
82,1.4178034270479056,0.015753371411643395,1.408125366591631,0.015645837406573677,1.408125366591631,0.015645837406573677,0.0,0.009678060456275617,1.408125366591631,0.015645837406573677,0.025056366437228306,0.015378305980952689,0.0004960743864823448,0.015474967340118637,0.04662517930023036,121,31,90,0.34444444444444444,0
83,2.272691932936443,0.01600487276715805,2.2671342899093827,0.01596573443598157,2.2671342899093827,0.01596573443598157,0.0,0.005557643027088943,2.2671342899093827,0.01596573443598157,0.02085710527470752,0.015299462247618578,0.000764973112380929,0.015857991744096727,0.456209507257757,162,20,142,0.14084507042253522,0
85,44.86256626437657,0.023053733948806047,44.8578388071023,0.023051304628521223,44.8578388071023,0.023051304628521223,0.0,0.004727457274624314,44.8578388071023,0.023051304628521223,0.06984632838111793,0.06511887110649361,5.856013588713455e-05,0.02301784169372839,0.15148357622865483,3058,1112,1946,0.5714285714285714,0
86,6.514495626083129,0.01678993718062662,6.507939400002667,0.016773039690728523,6.507939400002667,0.016773039690728523,0.0,0.006556226080395078,6.507939400002667,0.016773039690728523,0.026387682131188583,0.019831456050793506,6.315750334647613e-05,0.016721927690597785,0.4909044100084916,702,314,388,0.8092783505154639,0
87,0.8655210599379473,0.017310421198758946,0.8618892075290041,0.017237784150580082,0.8618892075290041,0.017237784150580082,0.0,0.003631852408942038,0.8618892075290041,0.017237784150580082,0.06763362210591062,0.06400176969696858,5.792015357191727e-05,0.015957748756640733,0.14247672145558354,1155,1105,50,22.1,0
89,0.6318298642699514,0.009156954554636975,0.6284063976634903,0.009107339096572322,0.6284063976634903,0.009107339096572322,0.0,0.003423466606486514,0.6284063976634903,0.009107339096572322,0.013114743965216391,0.009691277358729877,3.589361984714769e-05,0.008966885801517898,0.028714606160290757,339,270,69,3.9130434782608696,0
90,15.377072142313606,0.019269513962799006,15.361381058045069,0.019249850949931164,15.361381058045069,0.019249850949931164,0.0,0.01569108426855692,15.361381058045069,0.019249850949931164,0.05767137368846953,0.04198028941991261,6.727610483960354e-05,0.019197244070958817,0.02322793167706294,1422,624,798,0.7819548872180451,0
91,0.5860235400391094,0.017758289092094225,0.5709345273073593,0.01730104628204119,0.5709345273073593,0.01730104628204119,0.0,0.015089012731744234,0.5709345273073593,0.01730104628204119,0.08002853531760223,0.064939522585858,6.722517866030849e-05,0.015333181961257793,0.18178359516435805,999,966,33,29.272727272727273,0
92,1.8345397925774662,0.015952519935456228,1.8327347818389612,0.01593682418990401,1.8327347818389612,0.01593682418990401,0.0,0.0018050107385008118,1.8327347818389612,0.01593682418990401,0.018608572846435578,0.016803562107934766,0.00013127782896824036,0.015790706258530702,0.12380629897578999,243,128,115,1.1130434782608696,0
93,1.211698883363571,0.016155985111514278,1.2102585500167402,0.01613678066688987,1.2102585500167402,0.01613678066688987,0.0,0.0014403333468564483,1.2102585500167402,0.01613678066688987,0.02246001062708558,0.021019677280229132,4.854428933078322e-05,0.015856518303153138,0.012684154702849781,508,433,75,5.773333333333333,0
94,1.8924405016802517,0.015902861358657577,1.883107559517461,0.015824433273255972,1.883107559517461,0.015824433273255972,0.0,0.009332942162785685,1.883107559517461,0.015824433273255972,0.028255080270721322,0.018922138107935638,8.156094012041224e-05,0.015665423709323785,0.013127068464299896,351,232,119,1.949579831932773,0
95,17.76692766770757,0.020189690531485876,17.759602024855177,0.020181365937335428,17.759602024855177,0.020181365937335428,0.0,0.007325642852464398,17.759602024855177,0.020181365937335428,0.02285939909373269,0.015533756241268293,0.0002824319316594235,0.020163713941606633,0.09308829304254829,935,55,880,0.0625,0
96,1.1145004955795272,0.008987907222415542,1.1104571649015913,0.008955299716948317,1.1104571649015913,0.008955299716948317,0.0,0.0040433306780016665,1.1104571649015913,0.008955299716948317,0.013520808062128964,0.009477477384127297,0.0001089365216566356,0.008878868447720954,0.0037542523348683687,211,87,124,0.7016129032258065,0
97,19.2067970210451,0.010694207695459411,19.20057328383084,0.010690742362934765,19.20057328383084,0.010690742362934765,0.0,0.006223737214252623,19.20057328383084,0.010690742362934765,0.013758925328538396,0.0075351881142857735,0.00047094925714286084,0.010686546823895637,0.009646676325594683,1812,16,1796,0.008908685968819599,0
98,65.57104765798219,0.021806134904550113,65.56752924953366,0.021804964831903445,65.56752924953366,0.021804964831903445,0.0,0.003518408449036059,65.56752924953366,0.021804964831903445,0.01976467191570208,0.016246263466666022,8.082718142619911e-05,0.021799562017315092,0.2481863761605041,3208,201,3007,0.06684403059527769,0
99,0.38241708806150143,0.01738259491188643,0.37638285124155907,0.017108311420070868,0.37638285124155907,0.017108311420070868,0.0,0.006034236819949967,0.37638285124155907,0.017108311420070868,0.021412542800902656,0.015378305980952689,0.0005126101993650896,0.0164092975118454,0.030467046376809748,52,30,22,1.3636363636363635,0
100,1.6087906627655002,0.0094081325307924,1.6073165243797942,0.00939951183847833,1.6073165243797942,0.00939951183847833,0.0,0.0014741383855749746,1.6073165243797942,0.00939951183847833,0.013068581204620955,0.01159444281904598,7.887376067378218e-05,0.009331708079303388,0.002309487542376587,318,147,171,0.8596491228070176,0
101,0.7908858812174557,0.017193171330814255,0.7860455031226546,0.017087945720057708,0.7860455031226546,0.017087945720057708,0.0,0.004840378094755238,0.7860455031226546,0.017087945720057708,0.02385168313602648,0.019011305041271243,8.089917038838827e-05,0.01667465648003107,0.1595343661776738,281,235,46,5.108695652173913,0
102,1.9787793100029667,0.016489827583358055,1.9755707520003538,0.016463089600002947,1.9755707520003538,0.016463089600002947,0.0,0.003208558002562256,1.9755707520003538,0.016463089600002947,0.018382462916846976,0.01517390491428472,0.0011672234549449784,0.01633664039238433,0.10396048991432139,133,13,120,0.10833333333333334,0
103,2.4253141528651057,0.017079677132852855,2.419871949499922,0.017041351757041703,2.419871949499922,0.017041351757041703,0.0,0.00544220336515977,2.419871949499922,0.017041351757041703,0.047091175908885674,0.041648972543725904,6.772190657516407e-05,0.016748049133494508,0.15399282915170076,757,615,142,4.330985915492958,0
104,51.88903416046594,0.023532441796129677,51.888148972934275,0.023532040350537086,51.888148972934275,0.023532040350537086,0.0,0.0008851875321127523,51.888148972934275,0.023532040350537086,0.016753423113065935,0.015868235580953183,0.0031736471161906365,0.02352484387181536,0.062074223957726105,2210,5,2205,0.0022675736961451248,0
106,1.1296500860456966,0.016860449045458158,1.1184636260548333,0.016693486956042287,1.1184636260548333,0.016693486956042287,0.0,0.011186459990831565,1.1184636260548333,0.016693486956042287,0.053226888229794156,0.04204042823896259,6.869351019438332e-05,0.01606601787784929,0.2285211679222492,679,612,67,9.134328358208956,0
107,51.564232164655365,0.02359919092203907,51.56099603848579,0.02359770985743057,51.56099603848579,0.02359770985743057,0.0,0.003236126170040876,51.56099603848579,0.02359770985743057,0.02295381089384918,0.019717684723808304,0.00011203229956709264,0.02358868574542861,0.11410282971690222,2361,176,2185,0.08054919908466819,0
108,4.844983953089574,0.018146007314942227,4.844414844444789,0.018143875821890598,4.844414844444789,0.018143875821890598,0.0,0.0005691086447860982,4.844414844444789,0.018143875821890598,0.017143169292406668,0.01657406064762057,0.0004361594907268571,0.018081800688378905,0.1176899536028273,305,38,267,0.14232209737827714,0
109,63.96921939459222,0.021997668292500765,63.95444551271634,0.021992587865445785,63.95444551271634,0.021992587865445785,0.0,0.014773881876564587,63.95444551271634,0.021992587865445785,0.03300120271466156,0.018227320838096972,9.593326756893143e-05,0.02198631987341044,0.1484942757361445,3098,190,2908,0.06533700137551582,0
110,1.453881339757917,0.01794915234269033,1.438477567201155,0.017758982311125368,1.438477567201155,0.017758982311125368,0.0,0.015403772556769724,1.438477567201155,0.017758982311125368,0.03364901949010246,0.018245246933332737,0.0001351499772839462,0.017533732348985365,0.12263651372121842,216,135,81,1.6666666666666667,0
111,63.47381916138916,0.022047175811528017,63.4687842941717,0.022045426986513267,63.4687842941717,0.022045426986513267,0.0,0.005034867218146388,63.4687842941717,0.022045426986513267,0.02179767986576664,0.01676281264762025,0.0009860478028011913,0.022039604543773322,0.06113908210052443,2896,17,2879,0.005904828065300452,0
113,3.936424094949164,0.019016541521493544,3.9278288835697626,0.018975018761206584,3.9278288835697626,0.018975018761206584,0.0,0.008595211379436307,3.9278288835697626,0.018975018761206584,0.02551903522705601,0.0169238238476197,0.00076926472034635,0.018893261158077816,0.11964042163110022,229,22,207,0.10628019323671498,0
114,1.3595875042733034,0.01888315978157366,1.3511268226147157,0.018765650314093274,1.3511268226147157,0.018765650314093274,0.0,0.00846068165857261,1.3511268226147157,0.018765650314093274,0.025837945556986597,0.017377263898413986,0.0011584842598942658,0.01852429942661551,0.44497597486550333,87,15,72,0.20833333333333334,0
115,34.53676090234496,0.011481635938279574,34.534987154660875,0.011481046261522897,34.534987154660875,0.011481046261522897,0.0,0.0017737476841652722,34.534987154660875,0.011481046261522897,0.013372619303211764,0.011598871619046491,6.704550068813001e-05,0.011477190253670794,0.009525198465954787,3181,173,3008,0.05751329787234043,0
116,9.929205543174302,0.02139914987753082,9.91388141283639,0.021366123734561187,9.91388141283639,0.021366123734561187,0.0,0.015324130337965869,9.91388141283639,0.021366123734561187,0.034768186871300344,0.019444056533334475,0.00015072912041344554,0.02132421844030819,0.040738832912825984,593,129,464,0.27801724137931033,0
117,4.398149097203937,0.020082872589972316,4.395549471393135,0.020071002152480068,4.395549471393135,0.020071002152480068,0.0,0.0025996258108520465,4.395549471393135,0.020071002152480068,0.02649798809656545,0.023898362285713404,7.008317385839708e-05,0.019961877210535946,0.2037474854033121,560,341,219,1.5570776255707763,0
118,0.19436573827189108,0.009255511346280528,0.19264304213333278,0.00917347819682537,0.19264304213333278,0.00917347819682537,0.0,0.0017226961385290451,0.19264304213333278,0.00917347819682537,0.011129154652813611,0.009406458514284566,9.79839428571309e-05,0.008725551600908451,0.14427561425287294,117,96,21,4.571428571428571,0
119,5.389210773122471,0.02041367717091845,5.384677503453521,0.0203965056948997,5.384677503453521,0.0203965056948997,0.0,0.00453326966901102,5.384677503453521,0.0203965056948997,0.02998315494924242,0.0254498852802314,5.556743510967554e-05,0.020300104614292533,0.033172967349688776,722,458,264,1.7348484848484849,0
120,23.21243022589985,0.024129345349168243,23.21124883885441,0.024128117296106456,23.21124883885441,0.024128117296106456,0.0,0.001181387045729565,23.21124883885441,0.024128117296106456,0.019848631693349716,0.01866724464762015,0.00016519685528867392,0.024108712675890334,0.0924053620544143,1075,113,962,0.11746361746361747,0
121,0.8681956977510659,0.019293237727801463,0.8556202299405453,0.019013782887567672,0.8556202299405453,0.019013782887567672,0.0,0.01257546781052099,0.8556202299405453,0.019013782887567672,0.034335749461313014,0.021760281650792024,0.00010168355911585058,0.01853022107310562,0.1550359530637735,259,214,45,4.7555555555555555,0
122,3.1432019798168263,0.02014873063985145,3.130735556345517,0.02006881766888152,3.130735556345517,0.02006881766888152,0.0,0.012466423471362731,3.130735556345517,0.02006881766888152,0.032298468169774,0.019832044698411266,0.00037418952261153335,0.019941689177224695,0.289005304630237,209,53,156,0.33974358974358976,0
123,9.534631820254422,0.02212211559223764,9.523413925199938,0.022096087993503336,9.523413925199938,0.022096087993503336,0.0,0.011217895054549842,9.523413925199938,0.022096087993503336,0.058414012639541824,0.04719611758499198,6.761621430514611e-05,0.021986584240405754,0.1511550723152162,1129,698,431,1.6194895591647331,0
124,0.3159042564600867,0.010190459885809248,0.309260081318326,0.009976131655429871,0.309260081318326,0.009976131655429871,0.0,0.0066441751417869455,0.309260081318326,0.009976131655429871,0.016490343522740147,0.009846168380953202,0.0003516488707483286,0.009658513320559566,0.00011441194458328141,59,28,31,0.9032258064516129,0
125,24.59101892643277,0.02577674939877649,24.57377715973906,0.025758676268070293,24.57377715973906,0.025758676268070293,0.0,0.017241766694095162,24.57377715973906,0.025758676268070293,0.037188606059174845,0.019946839365079683,0.0005114574196174277,0.025737767631418863,0.07835861662943344,993,39,954,0.040880503144654086,1
126,1.2091342933019185,0.009830360108145678,1.2086481229691217,0.009826407503813998,1.2086481229691217,0.009826407503813998,0.0,0.00048617033267106535,1.2086481229691217,0.009826407503813998,0.0334612523367106,0.032975082004039535,3.996979636853277e-05,0.009558317406221203,0.0039337826939629394,948,825,123,6.7073170731707314,0
127,1.6239312767489515,0.027065521279149192,1.6205945184834707,0.02700990864139118,1.6205945184834707,0.02700990864139118,0.0,0.00333675826552593,1.6205945184834707,0.02700990864139118,0.024281131751241247,0.020944373485715317,7.348902977443971e-05,0.02666083574996184,0.19624002405597096,345,285,60,4.75,1
128,29.946948370106636,0.025186668099332746,29.930872415487496,0.025173147531949113,29.930872415487496,0.025173147531949113,0.0,0.016075954619658717,29.930872415487496,0.025173147531949113,0.0409823145157624,0.02490635989610368,5.673430500251408e-05,0.025152200214962887,0.4219337681157036,1628,439,1189,0.36921783010933557,0
129,13.895810214460845,0.02387596256780214,13.889188498681781,0.02386458504928141,13.889188498681781,0.02386458504928141,0.0,0.006621715779147053,13.889188498681781,0.02386458504928141,0.027626380210893586,0.021004664431746534,0.000247113699197018,0.023828494560566925,0.08889620406846888,667,85,582,0.14604810996563575,0
130,1.8547764479729665,0.01002581863769171,1.8503128718476167,0.010001691199176307,1.8503128718476167,0.010001691199176307,0.0,0.004463576125207425,1.8503128718476167,0.010001691199176307,0.0148296099537788,0.010366033828571375,0.00038392717883597684,0.0099456585838875,0.0007904599875701024,212,27,185,0.14594594594594595,0
131,1.0797249319587259,0.00981568119962478,1.0768294352992767,0.009789358502720696,1.0768294352992767,0.009789358502720696,0.0,0.0028954966593630616,1.0768294352992767,0.009789358502720696,0.01304078290698385,0.010145286247620788,0.00037575134250447364,0.009697128627743109,0.011934113294415738,137,27,110,0.24545454545454545,0
132,0.5575839789625086,0.02065125848009291,0.5563931174580098,0.020607152498444806,0.5563931174580098,0.020607152498444806,0.0,0.0011908615045150839,0.5563931174580098,0.020607152498444806,0.02304986193626135,0.021859000431746267,0.00026986420286106505,0.019797559889861007,0.12219208737166909,108,81,27,3.0,0
133,29.443393693581214,0.02544804986480658,29.431767570654905,0.025438001357523686,29.431767570654905,0.025438001357523686,0.0,0.011626122926855942,29.431767570654905,0.025438001357523686,0.031827959625267965,0.020201836698412023,0.0008783407260179141,0.025420540824508165,0.02971801259060669,1180,23,1157,0.019878997407087293,0
134,2.94444085371725,0.02197343920684515,2.930522018912464,0.021869567305316896,2.930522018912464,0.021869567305316896,0.0,0.013918834804787394,2.930522018912464,0.021869567305316896,0.033798856646058084,0.01988002184127069,0.0003487723130047489,0.021721208933367105,0.01790912482048057,191,57,134,0.4253731343283582,0
135,0.7867747308474691,0.02185485363465192,0.7832958247853457,0.02175821735514849,0.7832958247853457,0.02175821735514849,0.0,0.003478906062106546,0.7832958247853457,0.02175821735514849,0.024267028779565436,0.02078812271745889,0.002078812271745889,0.021180769501886212,0.03790382922678148,46,10,36,0.2777777777777778,0
136,2.857058162580863,0.021977370481391253,2.847135993160083,0.021901046101231406,2.847135993160083,0.021901046101231406,0.0,0.009922169420772065,2.847135993160083,0.021901046101231406,0.03150566280489997,0.021583493384127905,0.00015199643228259088,0.021735019229045867,0.014344859358793371,272,142,130,1.0923076923076922,0
138,1.9571078560419473,0.022757068093511013,1.956504576771851,0.022750053218277336,1.956504576771851,0.022750053218277336,0.0,0.0006032792701091694,1.956504576771851,0.022750053218277336,0.07848779705596698,0.07788451778585781,8.329894950359125e-05,0.021844419290534656,0.11045065344386273,1021,935,86,10.872093023255815,0
139,4.584343034304492,0.022807676787584538,4.555056661909284,0.022661973442334747,4.555056661909284,0.022661973442334747,0.0,0.029286372395219473,4.555056661909284,0.022661973442334747,0.051004820446014065,0.021718448050794592,0.0021718448050794593,0.022553921461982478,0.027482976609952914,211,10,201,0.04975124378109453,0
140,3.066026153614697,0.02237975294609268,3.053938362919389,0.022291520897221816,3.053938362919389,0.022291520897221816,0.0,0.012087790695307632,3.053938362919389,0.022291520897221816,0.03969681461485308,0.02760902391954545,6.511562245175813e-05,0.022089995175181343,0.07797418438117276,561,424,137,3.0948905109489053,0
141,4.091841577674444,0.025574009860465274,4.078934450064774,0.025493340312904837,4.078934450064774,0.025493340312904837,0.0,0.012907127609686597,4.078934450064774,0.025493340312904837,0.03400933367952774,0.021102206069841145,0.00024255409275679478,0.025361451524968225,0.11991745189277125,247,87,160,0.54375,1
142,1.5794392423142902,0.029248874857672042,1.564140940982752,0.028965572981162074,1.564140940982752,0.028965572981162074,0.0,0.015298301331554853,1.564140940982752,0.028965572981162074,0.03673462671568117,0.02143632538412632,0.0011909069657847955,0.028568603992566836,0.061592365782892955,72,18,54,0.3333333333333333,1
143,2.1920412345258597,0.022833762859644374,2.176145555738659,0.0226681828722777,2.176145555738659,0.0226681828722777,0.0,0.015895678787202883,2.176145555738659,0.0226681828722777,0.03686177829196424,0.02096609950476136,0.00016908144761904322,0.02244978600243641,0.41182277685546254,220,124,96,1.2916666666666667,0
144,1.4842480674232483,0.02283458565266536,1.476182107366945,0.02271049395949146,1.476182107366945,0.02271049395949146,0.0,0.008065960056317323,1.476182107366945,0.02271049395949146,0.03364333036742906,0.025577370311111736,7.007498715373078e-05,0.02231699595470491,0.11003042110548833,430,365,65,5.615384615384615,0
145,0.21817025437069404,0.021817025437069405,0.21172675517460363,0.02117267551746036,0.21172675517460363,0.02117267551746036,0.0,0.006443499196102209,0.21172675517460363,0.02117267551746036,0.02730985818022802,0.02086635898412581,0.0004636968663139069,0.0190860396190466,0.04760022748878612,55,45,10,4.5,0
146,13.216650773647011,0.02507903372608541,13.197915687379854,0.025043483277760636,13.197915687379854,0.025043483277760636,0.0,0.018735086267351875,13.197915687379854,0.025043483277760636,0.0420798201848136,0.023344733917461724,0.00011277649235488755,0.024999185869947243,0.15499994346842172,734,207,527,0.3927893738140417,0
147,19.84061792136814,0.025600797317894372,19.828393298952037,0.025585023611551017,19.828393298952037,0.025585023611551017,0.0,0.01222462241662825,19.828393298952037,0.025585023611551017,0.034196029857898935,0.021971407441270685,0.00038546328844334533,0.02555667340840031,0.09513929368877783,832,57,775,0.07354838709677419,0
148,10.626232510053871,0.024769772750708324,10.615743407743913,0.02474532262877369,10.615743407743913,0.02474532262877369,0.0,0.010489102310007326,10.615743407743913,0.02474532262877369,0.06179909778706261,0.05130999547705528,8.105844467149333e-05,0.02462571890971284,0.04491668333201915,1062,633,429,1.4755244755244756,0
149,20.11258317512249,0.012649423380580184,20.106749284521158,0.012645754266994439,20.106749284521158,0.012645754266994439,0.0,0.005833890601746106,20.106749284521158,0.012645754266994439,0.017485703985872902,0.011651813384126797,0.00013548620214100926,0.01263842608247586,0.012911733963658634,1676,86,1590,0.05408805031446541,0
150,7.224961421411603,0.024574698712284362,7.22139659390688,0.024562573448662854,7.22139659390688,0.024562573448662854,0.0,0.003564827504735746,7.22139659390688,0.024562573448662854,0.055808810479980764,0.05224398297524502,6.271786671698081e-05,0.024384872826298035,0.12645725226669313,1127,833,294,2.8333333333333335,0
151,0.41976184800014593,0.01311755775000456,0.41832694652813857,0.01307271707900433,0.41832694652813857,0.01307271707900433,0.0,0.0014349014720025366,0.41832694652813857,0.01307271707900433,0.011687399300573276,0.010252497828570739,0.0011391664253967487,0.012752326521861646,0.01267277685121826,41,9,32,0.28125,0
152,1.690129213310513,0.013204134478988383,1.6825788070857148,0.013145146930357147,1.6825788070857148,0.013145146930357147,0.0,0.007550406224741124,1.6825788070857148,0.013145146930357147,0.1278779762449389,0.12032757002019778,4.320559067152524e-05,0.012205087789574798,0.024976290924467293,2913,2785,128,21.7578125,0
153,60.2439096651959,0.021138213917612596,60.23247216377171,0.021134200759218146,60.23247216377171,0.021134200759218146,0.0,0.011437501424900631,60.23247216377171,0.021134200759218146,0.08771206660123454,0.07627456517633391,8.32691759566964e-05,0.021107437753892865,0.14578631081023374,3766,916,2850,0.3214035087719298,0
154,0.6421606232523089,0.023783726787122553,0.601498515045308,0.022277722779455854,0.601498515045308,0.022277722779455854,0.0,0.040662108206994674,0.601498515045308,0.022277722779455854,0.06191703564826412,0.021254927441269444,0.0023616586045854936,0.021490503244594252,0.02579503095297042,36,9,27,0.3333333333333333,0
155,0.7011902893048187,0.02417897549326961,0.6901736122574289,0.023799090077842377,0.6901736122574289,0.023799090077842377,0.0,0.011016677047386736,0.6901736122574289,0.023799090077842377,0.06167762353396711,0.05066094648658037,9.312673986503744e-05,0.022052160888650058,0.05090035860087738,573,544,29,18.75862068965517,0
158,23.527045191004834,0.026141161323338706,23.51385214492685,0.026126502383252058,23.51385214492685,0.026126502383252058,0.0,0.013193046078555426,23.51385214492685,0.026126502383252058,0.03798189768490445,0.024788851606349027,0.00014246466440430476,0.026098959214799922,0.05252035409922229,1074,174,900,0.19333333333333333,0
159,18.10418651253556,0.012642588346742709,18.10286257378857,0.012641663808511571,18.10286257378857,0.012641663808511571,0.0,0.0013239387473547026,18.10286257378857,0.012641663808511571,0.013358507839416944,0.012034569092062242,0.00026162106721874437,0.012633259779815742,0.011766121546461505,1478,46,1432,0.03212290502793296,0
160,10.237489382307132,0.025403199459819184,10.219928106853866,0.025359623093930188,10.219928106853866,0.025359623093930188,0.0,0.017561275453367386,10.219928106853866,0.025359623093930188,0.04514131776447883,0.02758004231111144,7.682463039306808e-05,0.02529118626437383,0.014727819558903121,762,359,403,0.890818858560794,0
162,3.5683501080447506,0.0251292261129912,3.4653784820377753,0.024404073817167433,3.4653784820377753,0.024404073817167433,0.0,0.10297162600700105,3.4653784820377753,0.024404073817167433,0.15732939408088242,0.054357768073881374,0.00042137804708435175,0.024021272633548366,0.03698424951391743,271,129,142,0.9084507042253521,0
163,22.628648461209274,0.026811194859252693,22.618231904508928,0.02679885296742764,22.618231904508928,0.02679885296742764,0.0,0.010416556700857171,22.618231904508928,0.02679885296742764,0.03244721808498241,0.02203066138412524,0.0005123409624215172,0.026772750288061958,0.05555609716580889,887,43,844,0.0509478672985782,1
164,5.082054318714942,0.025283852331915133,5.065744621981566,0.025202709562097345,5.065744621981566,0.025202709562097345,0.0,0.016309696733390666,5.065744621981566,0.025202709562097345,0.03829155811751761,0.021981861384126944,0.0021981861384126945,0.025093347067648878,0.3927023915484291,211,10,201,0.04975124378109453,0
165,6.082450286648498,0.012387882457532584,6.074751203985354,0.012372202044776688,6.074751203985354,0.012372202044776688,0.0,0.007699082663215506,6.074751203985354,0.012372202044776688,0.041014879537097926,0.03331579687388242,5.608720012438118e-05,0.012304349097986559,0.014698599925942801,1085,594,491,1.209775967413442,0
166,17.199167103417487,0.02617833653488202,17.18531446082399,0.026157251842958886,17.18531446082399,0.026157251842958886,0.0,0.01385264259388208,17.18531446082399,0.026157251842958886,0.039154080511341505,0.025301437917459424,7.833262513145332e-05,0.02611874128296217,0.054362961032612844,980,323,657,0.4916286149162861,0
167,20.192645275226575,0.012675860185327417,20.18963564815269,0.012673970902795161,20.18963564815269,0.012673970902795161,0.0,0.0030096270742774323,20.18963564815269,0.012673970902795161,0.01619327492189626,0.013183647847618829,0.00011172582921710872,0.012665694915445499,0.006094341470120668,1711,118,1593,0.07407407407407407,0
168,36.43498144891858,0.025461202969195372,36.42098837923997,0.025451424443913327,36.42098837923997,0.025451424443913327,0.0,0.013993069678718939,36.42098837923997,0.025451424443913327,0.03613318751999017,0.022140117841271234,0.00043411995767198496,0.025435952663451146,0.0482199627178268,1482,51,1431,0.03563941299790356,0
169,1.9731530141415732,0.024359913754834237,1.9654044069416763,0.024264251937551558,1.9654044069416763,0.024264251937551558,0.0,0.007748607199914659,1.9654044069416763,0.024264251937551558,0.030789247250709195,0.023040640050794536,0.0008861784634920975,0.023979799591245233,0.028384580320075514,107,26,81,0.32098765432098764,0
170,13.455433963751723,0.026076422410371558,13.437447680206033,0.026041565271717117,13.437447680206033,0.026041565271717117,0.0,0.0179862835459339,13.437447680206033,0.026041565271717117,0.041482865031646554,0.023496581485712653,0.00018074293450548193,0.02599602926108542,0.2610077003086104,646,130,516,0.25193798449612403,0
171,0.9557420132679901,0.024506205468410005,0.9479695030798532,0.02430691033538085,0.9479695030798532,0.02430691033538085,0.0,0.0077725101881434,0.9479695030798532,0.02430691033538085,0.03406458603922502,0.02629207585108162,9.774005892595398e-05,0.02363275454432731,0.1692797631482641,308,269,39,6.897435897435898,0
172,56.21950780046691,0.02131141311617396,56.20052562884737,0.021304217448387935,56.20052562884737,0.021304217448387935,0.0,0.01898217162005622,56.20052562884737,0.021304217448387935,0.04793352620626834,0.02895135458621212,7.255978593035619e-05,0.021293242712001757,0.12798613733980702,3037,399,2638,0.15125094768764216,0
173,2.5793535904940406,0.02528778029896118,2.570102887024442,0.025197087127690605,2.570102887024442,0.025197087127690605,0.0,0.009250703469625421,2.570102887024442,0.025197087127690605,0.038611471770124695,0.029360768300499274,7.285550446774013e-05,0.024909236458077605,0.08236655052402142,505,403,102,3.950980392156863,0
174,2.138479570292411,0.0254580901225287,2.1310089878606693,0.02536915461738892,2.1310089878606693,0.02536915461738892,0.0,0.007470582431750472,2.1310089878606693,0.02536915461738892,0.030366235815876053,0.02289565338412558,0.0016354038131518272,0.025096587315196844,0.08504004964444078,98,14,84,0.16666666666666666,0
175,36.586031232567784,0.025301543037737056,36.57523321533939,0.02529407552928035,36.57523321533939,0.02529407552928035,0.0,0.010798017228488277,36.57523321533939,0.02529407552928035,0.033941206612617236,0.02314318938412896,0.001157159469206448,0.025278070557368717,0.04224544530485019,1466,20,1446,0.013831258644536652,0
176,44.06033225799153,0.02373940315624544,44.04678227354204,0.023732102518072222,44.04678227354204,0.023732102518072222,0.0,0.013549984449952035,44.04678227354204,0.023732102518072222,0.03638710983408089,0.022837125384128854,0.0038061875640214757,0.02371979803241242,0.0203912221626652,1862,6,1856,0.003232758620689655,0
177,18.68931725551603,0.026509669865980186,18.673589452227326,0.026487360925145143,18.673589452227326,0.026487360925145143,0.0,0.01572780328923784,18.673589452227326,0.026487360925145143,0.04337659139694949,0.027648788107711653,7.181503404600429e-05,0.02644814278598451,0.1127929600813502,1090,385,705,0.5460992907801419,0
178,31.348810606333764,0.02586535528575393,31.326266472308873,0.025846754515106332,31.326266472308873,0.025846754515106332,0.0,0.022544134025132223,31.326266472308873,0.025846754515106332,0.05116164889497554,0.02861751486984332,0.00042084580690946057,0.025823142704157417,0.04476447545425799,1280,68,1212,0.056105610561056105,0
179,24.764945997528685,0.026430038417853453,24.74503199617389,0.026408785481508955,24.74503199617389,0.026408785481508955,0.0,0.019914001355083144,24.74503199617389,0.026408785481508955,0.1746439596927445,0.15472995833766134,8.113789110522357e-05,0.026243652121489797,0.07469437858142669,2844,1907,937,2.0352187833511204,0
180,3.0832763148020916,0.02612946029493298,3.073702260749909,0.026048324243643298,3.073702260749909,0.026048324243643298,0.0,0.009574054052151837,3.073702260749909,0.026048324243643298,0.06683163652603241,0.057257582473880575,9.639323648801443e-05,0.025563090493864907,0.18162570182663273,712,594,118,5.033898305084746,0
181,21.25597993333077,0.026906303713076927,21.246970552523667,0.026894899433574263,21.246970552523667,0.026894899433574263,0.0,0.009009380807590617,21.246970552523667,0.026894899433574263,0.03349511419171591,0.024485733384125297,0.0003448694842834549,0.026863904834353233,0.04135504418288605,861,71,790,0.08987341772151898,1
182,3.369355655262602,0.026119036087306993,3.369138945323648,0.026117356165299598,3.369138945323648,0.026117356165299598,0.0,0.00021670993891831358,3.369138945323648,0.026117356165299598,0.028751708380475804,0.02853499844155749,9.90798556998524e-05,0.025896154626993226,0.1467814168438224,417,288,129,2.2325581395348837,0
183,0.8624665521266124,0.02536666329784154,0.8544356713561997,0.025130460922241166,0.8544356713561997,0.025130460922241166,0.0,0.008030880770448334,0.8544356713561997,0.025130460922241166,0.035483808973623354,0.02745292820317502,0.00012040757983848693,0.024323021857440855,0.02072082761002747,262,228,34,6.705882352941177,0
184,1.7155873656411913,0.0365018588434296,1.7104588361908322,0.03639274119554962,1.7104588361908322,0.03639274119554962,0.0,0.005128529450381336,1.7104588361908322,0.03639274119554962,0.03179003365355726,0.026661504203175923,0.0001275670057568226,0.03582547514867306,0.1030407996756324,256,209,47,4.446808510638298,1
185,1.3558263259002032,0.03766184238611676,1.3340093607622612,0.037055815576729476,1.3340093607622612,0.037055815576729476,0.0,0.021816965137972488,1.3340093607622612,0.037055815576729476,0.046495935855432435,0.024678970717459947,0.0009871588286983978,0.036370288612354744,0.08289186866796427,61,25,36,0.6944444444444444,1
186,24.80866553581898,0.02630823492663731,24.793157532492522,0.026291789536047213,24.793157532492522,0.026291789536047213,0.0,0.015508003326822006,24.793157532492522,0.026291789536047213,0.039765470044279994,0.024257466717457987,0.004851493343491597,0.026266065817364476,0.3956262959571504,948,5,943,0.005302226935312832,0
187,6.452584554634903,0.013387104885134653,6.444841461211348,0.013371040375957153,6.444841461211348,0.013371040375957153,0.0,0.007743093424060987,6.444841461211348,0.013371040375957153,0.04819726576958061,0.04045417234551962,4.4212210213682646e-05,0.013287110557811873,0.017412954075496145,1397,915,482,1.8983402489626555,0
188,0.23249626214140307,0.012236645375863319,0.226494791619047,0.011920778506265632,0.226494791619047,0.011920778506265632,0.0,0.006001470522399188,0.226494791619047,0.011920778506265632,0.018597168350972026,0.012595697828572838,0.0005038279131429135,0.011257847041601633,0.04219579524718142,44,25,19,1.3157894736842106,0
189,9.851791976714459,0.026412310929529382,9.845063417289369,0.02639427189621815,9.845063417289369,0.02639427189621815,0.0,0.006728559425255298,9.845063417289369,0.02639427189621815,0.06246949834358162,0.05574093891832632,0.00012554265522145568,0.02624483238169136,0.06732730510807272,817,444,373,1.1903485254691688,0
190,29.84812321305673,0.025820175789841464,29.839817984308485,0.025812991335906994,29.839817984308485,0.025812991335906994,0.0,0.008305228748497484,29.839817984308485,0.025812991335906994,0.07217230884546666,0.06386708009696918,0.0021289026698989725,0.02575774299672255,0.04712583283649252,1186,30,1156,0.025951557093425604,0
191,11.293834788365281,0.026699373022140146,11.286959574179397,0.026683119560707794,11.286959574179397,0.026683119560707794,0.0,0.006875214186109702,11.286959574179397,0.026683119560707794,0.16120924287528737,0.15433402868917767,8.578878748703595e-05,0.02631826370092197,0.056991865910859474,2222,1799,423,4.252955082742317,0
192,42.38212585128575,0.023441441289427958,42.30407894328128,0.023398273751814868,42.30407894328128,0.023398273751814868,0.0,0.07804690800514891,42.30407894328128,0.023398273751814868,0.1037244356241942,0.025677527619045293,0.00033347438466292586,0.023384071579458824,0.05748480725109317,1885,77,1808,0.042588495575221236,0
193,0.25213598413845517,0.009338369782905746,0.25213598413852806,0.009338369782908447,0.25213598413852806,0.009338369782908447,0.0,0.0,0.25213598413852806,0.009338369782908447,0.009060502326114772,0.009060502326114772,0.0012943574751592532,0.009002795622679274,0.004096324843438026,34,7,27,0.25925925925925924,0
194,1.4963883257493436,0.026252426767532342,1.4939109490958797,0.02620896401922596,1.4939109490958797,0.02620896401922596,0.0,0.002477376653423846,1.4939109490958797,0.02620896401922596,0.027754136272470475,0.02527675961904663,0.0003415778326898193,0.02576551209608549,0.11708495948091979,131,74,57,1.2982456140350878,0
195,8.731353526309242,0.026299257609365186,8.726565687829861,0.02628483640912609,8.726565687829861,0.02628483640912609,0.0,0.004787838479586526,8.726565687829861,0.02628483640912609,0.029574271597049062,0.024786433117462536,0.0006196608279365635,0.026210178478048775,0.11137303263419085,372,40,332,0.12048192771084337,0
196,56.02866010092965,0.01967989466137325,56.00783238786919,0.019672578991172883,56.00783238786919,0.019672578991172883,0.0,0.020827713061194686,56.00783238786919,0.019672578991172883,0.04574246617865185,0.024914753117457167,5.8900125573184794e-05,0.019663827760713383,0.1598461748406308,3270,423,2847,0.14857744994731295,0
197,1.6970241206897043,0.013576192965517635,1.691772351443582,0.013534178811548657,1.691772351443582,0.013534178811548657,0.0,0.005251769246150673,1.691772351443582,0.013534178811548657,0.01894901531598947,0.013697246069838798,7.963515156883022e-05,0.013424600842989718,0.010382556093233575,297,172,125,1.376,0
198,10.008527918328205,0.026904644941742488,9.995591067087606,0.02686986845991292,9.995591067087606,0.02686986845991292,0.0,0.012936851240993974,9.995591067087606,0.02686986845991292,0.17404141117865635,0.16110455993766237,7.920578168026666e-05,0.026436791685885884,0.04076390149095488,2406,2034,372,5.467741935483871,0
199,34.21137448344262,0.024683531373335222,34.193330732828905,0.02467051279424885,34.193330732828905,0.02467051279424885,0.0,0.018043750614261,34.193330732828905,0.02467051279424885,0.10916564795567751,0.09112189734141651,9.03987076799767e-05,0.024604768279572108,0.03061102861114051,2394,1008,1386,0.7272727272727273,0
260,4.4983470590927075,0.00873465448367516,4.492220542978455,0.008722758335880494,4.492220542978455,0.008722758335880494,0.0,0.006126516114285607,4.492220542978455,0.008722758335880494,0.013841362184126904,0.007714846069841297,2.1253019476146822e-05,0.008707778052249673,0.369846735537259,878,363,515,0.7048543689320388,0
311,0.8839097463341892,0.007686171707253819,0.8775730862199124,0.00763107031495576,0.8775730862199124,0.00763107031495576,0.0,0.006336660114285797,0.8775730862199124,0.00763107031495576,0.015546956546031776,0.009210296431745979,2.4430494513915065e-05,0.0075509807807665865,0.09759442778196425,492,377,115,3.2782608695652176,0
322,14.119135843076315,0.012298898818010728,14.112657486962048,0.012293255650663805,14.112657486962048,0.012293255650663805,0.0,0.006478356114285599,14.112657486962048,0.012293255650663805,0.03662911479826825,0.030150758683982648,3.3500842982202944e-05,0.012266991923587147,0.02957378290793633,2048,900,1148,0.7839721254355401,0
396,0.07756516715764361,0.007756516715764361,0.07150677904335655,0.007150677904335654,0.07150677904335655,0.007150677904335654,0.0,0.006058388114285496,0.07150677904335655,0.007150677904335654,0.021178618129070514,0.015120230014785019,1.6310927739789666e-05,0.00563865490285731,0.14566231541691765,937,927,10,92.7,0
418,34.77878670239107,0.016760861061393288,34.77140236989588,0.016757302346937775,34.77140236989588,0.016757302346937775,0.0,0.007384332495238066,34.77140236989588,0.016757302346937775,0.016313844926984178,0.008929512431746112,1.566581128376511e-05,0.016752998967452574,0.19587257782741307,2645,570,2075,0.2746987951807229,0
429,8.823972052954653,0.011908194403447576,8.816542065907033,0.011898167430373863,8.816542065907033,0.011898167430373863,0.0,0.00742998704761888,8.816542065907033,0.011898167430373863,0.048435757963636306,0.041005770916017426,3.3583759963978236e-05,0.011842829008085044,0.05367627083174531,1962,1221,741,1.6477732793522266,0
462,43.91612460607971,0.018230022667529978,43.90837337956547,0.018226805055859472,43.90837337956547,0.018226805055859472,0.0,0.007751226514285836,43.90837337956547,0.018226805055859472,0.019138543390476492,0.011387316876190656,3.310266533776354e-05,0.01822207806670371,0.014049204810179461,2753,344,2409,0.1427978414279784,0
473,11.405469405890756,0.012658678585894291,11.397718179376483,0.012650075670784109,11.397718179376483,0.012650075670784109,0.0,0.007751226514285836,11.397718179376483,0.012650075670784109,0.016190173561904775,0.008438947047618939,1.568577518144784e-05,0.012640709469843343,0.15896431131428512,1439,538,901,0.5971143174250833,0
505,2.297774087212743,0.006278071276537549,2.2916553470983994,0.006261353407372675,2.2916553470983994,0.006261353407372675,0.0,0.006118740114285703,2.2916553470983994,0.006261353407372675,0.014522798831746009,0.008404058717460305,2.1115725420754537e-05,0.006238391498308735,0.0028282380887705294,764,398,366,1.0874316939890711,0
528,2.2821442736124333,0.010919350591447049,2.274204524431481,0.010881361360916178,2.274204524431481,0.010881361360916178,0.0,0.007939749180952305,2.274204524431481,0.010881361360916178,0.01856737904761907,0.010627629866666766,2.1513420782726248e-05,0.010830511457247916,0.4472457162092667,703,494,209,2.3636363636363638,0
539,1.276679747729593,0.009745646929233534,1.2660521178629376,0.009664519983686547,1.2660521178629376,0.009664519983686547,0.0,0.010627629866666766,1.2660521178629376,0.009664519983686547,0.019149172114286017,0.008521542247619251,9.262545921325274e-05,0.00959947004286494,0.007939749180952305,223,92,131,0.7022900763358778,0
590,3.2365881711088793,0.012400720962102986,3.227770940683505,0.012366938470051743,3.227770940683505,0.012366938470051743,0.0,0.008817230425396616,3.227770940683505,0.012366938470051743,0.037772118245309905,0.02895488781991329,3.688520741390228e-05,0.012256000202542411,0.1988293041807192,1046,785,261,3.007662835249042,0
601,0.12968721124848415,0.010807267604040346,0.12086998082308792,0.010072498401923993,0.12086998082308792,0.010072498401923993,0.0,0.008817230425396616,0.12086998082308792,0.010072498401923993,0.026350218359596056,0.01753298793419944,1.976661548387761e-05,0.008611416074074008,0.09082671999768888,899,887,12,73.91666666666667,0
612,2.3159273245218746,0.012253583727628966,2.3071100940964846,0.012206931714796214,2.3071100940964846,0.012206931714796214,0.0,0.008817230425396616,2.3071100940964846,0.012206931714796214,0.02171089503492052,0.012893664609523903,1.613725232731402e-05,0.01213871126712674,0.07056238648657853,988,799,189,4.227513227513228,0
633,1.4861323275203038,0.011794701012065903,1.4772898938949062,0.01172452296741989,1.4772898938949062,0.01172452296741989,0.0,0.008842433625396495,1.4772898938949062,0.01172452296741989,0.045017360842712684,0.03617492721731619,2.0357302879750247e-05,0.011437420370457071,0.04323248710026473,1903,1777,126,14.103174603174603,0
654,2.8888450648578052,0.012896629753829488,2.8794854474434075,0.012854845747515211,2.8794854474434075,0.012854845747515211,0.0,0.009359617414407495,2.8794854474434075,0.012854845747515211,0.020009668911354694,0.0106500514969472,2.49415725923822e-05,0.01280730087476094,0.256291910783804,651,427,224,1.90625,0
675,7.932381165992372,0.01403961268317234,7.9229564471098675,0.014022931764796225,7.9229564471098675,0.014022931764796225,0.0,0.009424718882539374,7.9229564471098675,0.014022931764796225,0.11857986990591574,0.10915515102337636,3.8652673875133275e-05,0.013829736807232667,0.11959453027759537,3389,2824,565,4.998230088495575,0
706,1.3447436238921977,0.013314293305863343,1.3341828380636263,0.013209731069936894,1.3341828380636263,0.013209731069936894,0.0,0.010560785828571895,1.3341828380636263,0.013209731069936894,0.02188145340952463,0.011320667580952737,1.1599044652615508e-05,0.013097645252303693,0.013511372971922953,1077,976,101,9.663366336633663,0
717,0.6767740940698506,0.006507443212210102,0.6706006339555562,0.006448083018803425,0.6706006339555562,0.006448083018803425,0.0,0.006173460114285767,0.6706006339555562,0.006448083018803425,0.013304538361905038,0.007131078247619271,8.992532468624554e-06,0.0063795149587302456,0.14250342767491642,897,793,104,7.625,0
718,0.4976059085698239,0.01421731167342354,0.48768046889235245,0.013933727682638642,0.48768046889235245,0.013933727682638642,0.0,0.009925439677465064,0.48768046889235245,0.013933727682638642,0.047164997412529885,0.03723955773506482,4.305151183244488e-05,0.012869740318779828,0.0,900,865,35,24.714285714285715,0
719,62.86425181958161,0.021095386516638125,62.83685468370298,0.021086192846880195,62.83685468370298,0.021086192846880195,0.0,0.02739713587833048,62.83685468370298,0.021086192846880195,0.06493666955567523,0.03753953367734475,4.2084679010476174e-05,0.021073595687928166,0.0,3872,892,2980,0.2993288590604027,0
762,9.253506808422276,0.014346522183600429,9.242549840193744,0.014329534635959294,9.242549840193744,0.014329534635959294,0.0,0.010956968228571284,9.242549840193744,0.014329534635959294,0.022736623542857437,0.011779655314286153,1.3539833694581785e-05,0.014311271604464213,0.18625427580329745,1515,870,645,1.3488372093023255,0
773,3.2391891824449264,0.014144930927707102,3.228232214216361,0.014097083904874939,3.228232214216361,0.014097083904874939,0.0,0.010956968228571284,3.228232214216361,0.014097083904874939,0.09231542715844121,0.08135845892986993,3.106470367692628e-05,0.01374180679164404,0.06685211672381097,2848,2619,229,11.436681222707424,0
784,0.4902922533571319,0.015321632917410372,0.4787123473761795,0.01495976085550561,0.4787123473761795,0.01495976085550561,0.0,0.01157990598095271,0.4787123473761795,0.01495976085550561,0.02870632223492109,0.01712641625396838,2.1301512753692016e-05,0.014424560347569088,0.13871904041558558,836,804,32,25.125,0
795,3.6347623985696043,0.014143044352410912,3.6237441770077026,0.014100171894971605,3.6237441770077026,0.014100171894971605,0.0,0.011018221561904795,3.6237441770077026,0.014100171894971605,0.09039788860259801,0.07937966704069321,2.2875984737951935e-05,0.013791301595202358,0.051908128863493275,3727,3470,257,13.501945525291829,0
828,9.259539975683097,0.014513385541823036,9.247985299187908,0.014495274763617411,9.247985299187908,0.014495274763617411,0.0,0.011554676495237892,9.247985299187908,0.014495274763617411,0.09763117863203341,0.08607650213679552,3.015995169474265e-05,0.014360358616067501,0.13986602195862297,3492,2854,638,4.4733542319749215,0
850,1.2055741558995585,0.013104066911951723,1.1934480836709989,0.012972261779032596,1.1934480836709989,0.012972261779032596,0.0,0.012126072228570983,1.1934480836709989,0.012972261779032596,0.02495530834285642,0.012829236114285436,1.5182527945899925e-05,0.012832813560398936,0.18238700127957141,937,845,92,9.184782608695652,0
851,0.48816110024750703,0.007873566133024307,0.4880085407060486,0.007871105495258848,0.4880085407060486,0.007871105495258848,0.0,0.0001525595414504366,0.4880085407060486,0.007871105495258848,0.06160571328264286,0.06145315374119242,3.182452291102663e-05,0.0068799255962074864,0.0,1993,1931,62,31.14516129032258,0
852,14.523792451278624,0.007962605510569421,14.479327218982185,0.007938227641985847,14.479327218982185,0.007938227641985847,0.0,0.04446523229642896,14.479327218982185,0.007938227641985847,0.06160571328264286,0.017140480986213902,1.974709791038468e-05,0.007928830448462708,0.0,2692,868,1824,0.4758771929824561,0
905,3.5322484784188246,0.013906490072515057,3.5200424445902607,0.013858434821221498,3.5200424445902607,0.013858434821221498,0.0,0.012206033828570995,3.5200424445902607,0.013858434821221498,0.02514899047618968,0.012942956647618686,4.494082169312044e-05,0.013807478298986752,0.09916384014659396,542,288,254,1.1338582677165354,0
906,2.4917047368400977,0.006921402046778049,2.4889123317986748,0.00691364536610743,2.4889123317986748,0.00691364536610743,0.0,0.002792405041388335,2.4889123317986748,0.00691364536610743,0.016268825149102994,0.01347642010771466,2.910673889355218e-05,0.006876210865808319,0.0,823,463,360,1.2861111111111112,0
931,1.0946855353535314,0.013683569191919143,1.0826111111249657,0.01353263888906207,1.0826111111249657,0.01353263888906207,0.0,0.012074424228571523,1.0826111111249657,0.01353263888906207,0.07724583900259852,0.06517141477402699,2.805484923548299e-05,0.012717996204386661,0.06181701196190392,2403,2323,80,29.0375,0
952,10.898538781480177,0.014909081780410638,10.886332747651654,0.014892384059714985,10.886332747651654,0.014892384059714985,0.0,0.012206033828570995,10.886332747651654,0.014892384059714985,0.028874960888888523,0.01666892706031753,2.966001256284258e-05,0.014869581149919682,0.35689760495555856,1293,562,731,0.7688098495212038,0
953,10.085560441623159,0.007617492780682144,10.082204850879792,0.0076149583465859455,10.082204850879792,0.0076149583465859455,0.0,0.0033555907433475696,10.082204850879792,0.0076149583465859455,0.01686503222133595,0.013509441477988382,3.2552871031297304e-05,0.007604754840937932,0.0,1739,415,1324,0.31344410876132933,0
998,4.554085699403511,0.01405582005988738,4.541808433574963,0.014017927264120256,4.541808433574963,0.014017927264120256,0.0,0.012277265828571693,4.541808433574963,0.014017927264120256,0.026248653612698902,0.01397138778412721,1.2564197647596412e-05,0.013974805696885221,0.15959417584741242,1436,1112,324,3.432098765432099,0
1009,76.54130493621152,0.02048750132125576,76.52902767038299,0.02048421511519887,76.52902767038299,0.02048421511519887,0.0,0.012277265828571693,76.52902767038299,0.02048421511519887,0.025748621409523942,0.013471355580952249,4.082228963924924e-05,0.020480609291970552,0.0386191034412704,4066,330,3736,0.08832976445396146,0
1067,47.3096273023713,0.020998503019250464,47.29757681383807,0.020993154378090576,47.29757681383807,0.020993154378090576,0.0,0.012050488533333237,47.29757681383807,0.020993154378090576,0.026458200838095358,0.014407712304762121,2.088074247066974e-05,0.0209867594769344,0.0406222654191426,2943,690,2253,0.3062583222370173,0
1099,3.280178874129118,0.007338207772100935,3.273982982014786,0.007324346715916748,3.273982982014786,0.007324346715916748,0.0,0.006195892114285506,3.273982982014786,0.007324346715916748,0.021315322174891627,0.01511943006060612,5.107915561015581e-06,0.0072905224875933474,0.13611558194695217,3407,2960,447,6.621923937360179,0
1120,13.492932186867009,0.015526964541849262,13.474160138359073,0.015505362644832075,13.474160138359073,0.015505362644832075,0.0,0.01877204850793568,13.474160138359073,0.015505362644832075,0.03923120821010073,0.020459159702165053,2.914410213983626e-05,0.015481819308005648,0.030490722702971595,1571,702,869,0.807825086306099,0
1174,15.248262427309925,0.016000275369685124,15.235182964909901,0.01598655085509958,15.235182964909901,0.01598655085509958,0.0,0.013079462400000352,15.235182964909901,0.01598655085509958,0.029484235276191484,0.01640477287619113,5.412330213194038e-06,0.015969337032564253,0.3167931800239483,3984,3031,953,3.180482686253935,0
1185,0.20724317800634395,0.0074015420716551416,0.20023189389206328,0.007151139067573689,0.20023189389206328,0.007151139067573689,0.0,0.007011284114286198,0.20023189389206328,0.007151139067573689,0.018499847720635287,0.01148856360634909,2.6349916528323598e-05,0.006740833224489595,0.09984679828851384,464,436,28,15.571428571428571,0
1207,1.685312997060894,0.013928206587280115,1.6721659529466026,0.013819553330137213,1.6721659529466026,0.013819553330137213,0.0,0.013147044114285578,1.6721659529466026,0.013819553330137213,0.03705745577835451,0.02391041166406893,7.453370219472859e-06,0.013621946622169747,0.10269870866913067,3329,3208,121,26.512396694214875,0
1218,2.5967594862983994,0.013886414365232082,2.5829312912507856,0.013812466798132543,2.5829312912507856,0.013812466798132543,0.0,0.013828195047619118,2.5829312912507856,0.013812466798132543,0.031129239923808782,0.017301044876189664,4.9011458572775255e-05,0.01371994784157535,0.03705745577835451,540,353,187,1.8877005347593583,0
1229,3.9928022966949115,0.014260008202481828,3.978974101647316,0.014210621791597556,3.978974101647316,0.014210621791597556,0.0,0.013828195047619118,3.978974101647316,0.014210621791597556,0.02831018102857108,0.014481985980951961,0.0001379236760090663,0.014158900413094073,0.031129239923808782,385,105,280,0.375,0
1250,1.6786747513904743,0.013759629109757986,1.6648363803428519,0.013646199838875835,1.6648363803428519,0.013646199838875835,0.0,0.013838371047619091,1.6648363803428519,0.013646199838875835,0.029545629765079795,0.015707258717460704,5.949719211159358e-05,0.013517451816601593,0.11585764055393,386,264,122,2.1639344262295084,0
1261,1.6249979721142847,0.013771169255205802,1.6092907133968204,0.013638056893193393,1.6092907133968204,0.013638056893193393,0.0,0.015707258717460704,1.6092907133968204,0.013638056893193393,0.030232636698412918,0.014525377980952214,5.440216472266747e-05,0.013514960469626032,0.013838371047619091,385,267,118,2.26271186440678,0
1282,3.007756628640662,0.01398956571460773,2.9945298575930663,0.013928045849270076,2.9945298575930663,0.013928045849270076,0.0,0.013226771047618158,2.9945298575930663,0.013928045849270076,0.027927001498412096,0.014700230450793939,1.5312740052910353e-05,0.013859672684382558,0.028244770091184535,1175,960,215,4.465116279069767,0
1325,23.486636158736665,0.018249134544472932,23.47335668932713,0.018238816386423565,23.47335668932713,0.018238816386423565,0.0,0.013279469409523514,23.47335668932713,0.018238816386423565,0.029069517257141797,0.015790047847618283,4.069599960726362e-05,0.0182265475069771,0.11955583201688569,1675,388,1287,0.3014763014763015,0
1337,0.9960406548199572,0.008164267662458665,0.9931430406144959,0.008140516726348327,0.9931430406144959,0.008140516726348327,0.0,0.002897614205458865,0.9931430406144959,0.008140516726348327,0.027454389720610095,0.02455677551515123,1.7794764866051614e-05,0.00793923168114219,0.4445172010666649,1502,1380,122,11.311475409836065,0
1358,0.21186279304128064,0.00756652832290288,0.20476504492698364,0.007313037318820844,0.20476504492698364,0.007313037318820844,0.0,0.007097748114285096,0.20476504492698364,0.007313037318820844,0.015731177955554898,0.008633429841269802,1.604726736295502e-05,0.00700470053877592,0.06273548009387397,566,538,28,19.214285714285715,0
1369,3.3488803313276385,0.014752776789989597,3.3355143560134035,0.014693895841468739,3.3355143560134035,0.014693895841468739,0.0,0.013365975314286516,3.3355143560134035,0.014693895841468739,0.028304205612698752,0.014938230298412236,3.590920744810634e-05,0.01462808865953718,0.04821622884446519,643,416,227,1.8325991189427313,0
1390,4.066888255887884,0.01500696773390363,4.05360878647841,0.014957966001765351,4.05360878647841,0.014957966001765351,0.0,0.013279469409523514,4.05360878647841,0.014957966001765351,0.028374287136507803,0.015094817726984289,1.2262240233131023e-05,0.014902265567348251,0.15708471518278877,1502,1231,271,4.5424354243542435,0
1416,6.3383395524258095,0.01542175073582922,6.325249910368742,0.015389902458318106,6.325249910368742,0.015389902458318106,0.0,0.01308964205714247,6.325249910368742,0.015389902458318106,0.0364915456831163,0.02340190362597383,7.824106862579014e-06,0.015332963520055214,0.20963591430485096,3402,2991,411,7.2773722627737225,0
1437,1.5957990922966925,0.007286753846103619,1.5882040001823965,0.007252073060193591,1.5882040001823965,0.007252073060193591,0.0,0.007595092114286217,1.5882040001823965,0.007252073060193591,0.017419328812698254,0.009824236698412037,6.325973405287853e-06,0.007207213531890385,0.26674582657201995,1772,1553,219,7.091324200913242,0
1438,0.3923295775355857,0.01705780771893851,0.37920428103434356,0.01648714265366711,0.37920428103434356,0.01648714265366711,0.0,0.013125296501232953,0.37920428103434356,0.01648714265366711,0.09382514868478076,0.0806998521835478,4.783630834827967e-05,0.012978453428295868,0.0,1710,1687,23,73.34782608695652,0
1534,17.286137449512783,0.018006393176575815,17.272534264903253,0.017992223192607557,17.272534264903253,0.017992223192607557,0.0,0.013603184609523922,17.272534264903253,0.017992223192607557,0.05300141358499211,0.039398228975468186,2.031883907966384e-05,0.017951183370758118,0.2002276108527159,2899,1939,960,2.019791666666667,0
1546,21.00342422479225,0.009696871756598453,20.99668948467793,0.00969376245830006,20.99668948467793,0.00969376245830006,0.0,0.006734740114286097,20.99668948467793,0.00969376245830006,0.03803110824588707,0.03129636813160097,2.9058837633798486e-05,0.009679313534878286,0.08935357964997692,3243,1077,2166,0.49722991689750695,0
1557,9.381238100215016,0.01620248376548362,9.367523523605447,0.01617879710467262,9.367523523605447,0.01617879710467262,0.0,0.013714576609523021,9.367523523605447,0.01617879710467262,0.029669119695237,0.01595454308571398,2.2408066131620758e-05,0.01615124176255575,0.048263534963583155,1291,712,579,1.229706390328152,0
1568,0.7896705755844042,0.015793411511688085,0.7759559989748923,0.015519119979497847,0.7759559989748923,0.015519119979497847,0.0,0.013714576609523021,0.7759559989748923,0.015519119979497847,0.029537291022220913,0.01582271441269789,1.3152713560014872e-05,0.015202665691243667,0.15694146940951903,1253,1203,50,24.06,0
1589,3.497704345705145,0.016268392305605325,3.4899733733621052,0.016232434294707467,3.4899733733621052,0.016232434294707467,0.0,0.0077309723430527555,3.4899733733621052,0.016232434294707467,0.1283823420861978,0.12065136974314505,3.2156548439004546e-05,0.015671265133111383,0.37651712386934655,3967,3752,215,17.451162790697673,0
1621,46.42360889193533,0.02256859936409107,46.409046272354544,0.022561519821271046,46.409046272354544,0.022561519821271046,0.0,0.014562619580951619,46.409046272354544,0.022561519821271046,0.029580526628571135,0.015017907047619516,5.005969015873172e-05,0.02255421894278404,0.14490229388733056,2357,300,2057,0.14584346135148274,0
1643,13.78668537492854,0.01760751644307604,13.77107199872534,0.01758757598815497,13.77107199872534,0.01758757598815497,0.0,0.015613376203175378,13.77107199872534,0.01758757598815497,0.0322731144634929,0.016659738260317525,1.2954695381273348e-05,0.017566299183224835,0.005074046340160621,2069,1286,783,1.6424010217113665,0
1654,8.4050357895703,0.016352209707335214,8.3906074291893,0.016324138967294358,8.3906074291893,0.016324138967294358,0.0,0.014428360380952299,8.3906074291893,0.016324138967294358,0.03760621881478521,0.02317785843383291,2.1742831551438e-05,0.016279045857501003,0.09037473752380976,1580,1066,514,2.0739299610894943,0
1655,0.798514617805294,0.007259223798229945,0.7976434535549766,0.00725130412322706,0.7976434535549766,0.00725130412322706,0.0,0.0008711642503431705,0.7976434535549766,0.00725130412322706,0.00947932684081998,0.008608162590476809,5.7387750603178724e-05,0.007173048099677036,0.0,260,150,110,1.3636363636363635,0
1692,39.29010838095024,0.01110831449843094,39.28529466619473,0.011106953538647083,39.28529466619473,0.011106953538647083,0.0,0.004813714756188858,39.28529466619473,0.011106953538647083,0.01982163198562681,0.01500791722943795,2.9312338338745997e-05,0.01110271041814097,0.04690325599018941,4049,512,3537,0.14475544246536612,0
1703,2.7379537254395814,0.00812449176688303,2.7229458082100946,0.008079957887863783,2.7229458082100946,0.008079957887863783,0.0,0.01500791722943795,2.7229458082100946,0.008079957887863783,0.041206616554113396,0.026198699324675445,2.109396080891743e-05,0.00800221694031296,0.004813714756188858,1579,1242,337,3.685459940652819,0
1714,0.5799082904757409,0.016568808299306882,0.564966140228127,0.016141889720803628,0.564966140228127,0.016141889720803628,0.0,0.014942150247618358,0.564966140228127,0.016141889720803628,0.031438578946030304,0.016496428698411947,3.077691921345513e-05,0.01567056318656316,0.11061316829142953,571,536,35,15.314285714285715,0
1725,24.260164952339352,0.020250555052036188,24.245222802091735,0.020238082472530665,24.245222802091735,0.020238082472530665,0.0,0.014942150247618358,24.245222802091735,0.020238082472530665,0.031431236317459366,0.016489086069841008,1.4129465355476441e-05,0.02022431862773113,0.2290106942984078,2365,1167,1198,0.9741235392320534,0
1746,1.2828268244136254,0.016238314233083865,1.2675648448326784,0.01604512461813517,1.2675648448326784,0.01604512461813517,0.0,0.0152619795809521,1.2675648448326784,0.01604512461813517,0.06364782922286594,0.048385849641913836,3.1480708940737695e-05,0.01543264550874379,0.07643599530430123,1616,1537,79,19.455696202531644,0
1787,14.31744599224384,0.018100437411180583,14.301952859596195,0.018080850644242977,14.301952859596195,0.018080850644242977,0.0,0.015493132647618424,14.301952859596195,0.018080850644242977,0.03194909048888839,0.016455957841269964,6.828198274385878e-05,0.018060046652029017,0.009283407332357996,1032,241,791,0.30467762326169406,0
1788,6.572794810049036,0.009003828506916488,6.569989730052488,0.008999985931578752,6.569989730052488,0.008999985931578752,0.0,0.002805079996440085,6.569989730052488,0.008999985931578752,0.0294734580004814,0.026668378004041315,3.29239234617794e-05,0.008963453906915829,0.0,1540,810,730,1.1095890410958904,0
1813,1.9145895821576353,0.008434315339901476,1.907536744976621,0.008403245572584234,1.907536744976621,0.008403245572584234,0.0,0.007052837180951954,1.907536744976621,0.008403245572584234,0.01490182760634795,0.007848990425395996,2.928727770670148e-05,0.008368668522252367,0.05101060588619788,495,268,227,1.1806167400881058,0
1814,3.9066837745097622,0.015945648059223518,3.8964972390118415,0.01590407036331364,3.8964972390118415,0.01590407036331364,0.0,0.010186535497927807,3.8964972390118415,0.01590407036331364,0.029069617580468332,0.018883082082540525,5.846155443510999e-05,0.015826996558895075,0.0,568,323,245,1.3183673469387756,0
1839,49.22334470007517,0.022883935239458468,49.2087206746278,0.022877136529348117,49.2087206746278,0.022877136529348117,0.0,0.01462402544761865,49.2087206746278,0.022877136529348117,0.031800997079365345,0.017176971631746696,4.580525768465786e-05,0.022869150954437843,0.07332408798046863,2526,375,2151,0.17433751743375175,0
1850,0.21504579290735926,0.010240275852731393,0.20790579199307346,0.009900275809193974,0.20790579199307346,0.009900275809193974,0.0,0.007140000914285238,0.20790579199307346,0.009900275809193974,0.06731359328830955,0.06017359237402431,3.306241339232105e-05,0.007034866648526176,0.006189183283028754,1841,1820,21,86.66666666666667,0
1883,4.032874419938832,0.015940215098572456,4.018122929805495,0.015881908813460455,4.018122929805495,0.015881908813460455,0.0,0.014751490133333434,4.018122929805495,0.015881908813460455,0.03737761124848582,0.022626121115152387,4.8038473705206764e-05,0.015792477504704926,0.11832925046955012,724,471,253,1.8616600790513833,0
1894,2.086192578786749,0.008620630490854334,2.0790525778724347,0.008591126354844771,2.0790525778724347,0.008591126354844771,0.0,0.007140000914285238,2.0790525778724347,0.008591126354844771,0.01571851596190399,0.008578515047618751,4.565468359562933e-06,0.00855567794555721,0.010741498653883852,2121,1879,242,7.764462809917355,0
1938,2.3349131974233597,0.016214674982106665,2.3201898089281423,0.016112429228667655,2.3201898089281423,0.016112429228667655,0.0,0.0147233884952378,2.3201898089281423,0.016112429228667655,0.05499985117229578,0.04027646267705798,1.929873630908384e-05,0.015832731571187943,0.06984632838111793,2231,2087,144,14.493055555555555,0
1949,5.6424937688338925,0.01630778545905749,5.626743179271919,0.01626226352390728,5.626743179271919,0.01626226352390728,0.0,0.01575058956190567,5.626743179271919,0.01626226352390728,0.03248712096507944,0.01673653140317377,9.897416560126417e-06,0.016213892045863623,0.03924926161039011,2037,1691,346,4.88728323699422,0
1950,0.3362934177165453,0.01120978059055151,0.3333904551041839,0.011113015170139464,0.3333904551041839,0.011113015170139464,0.0,0.0029029626123620034,0.3333904551041839,0.011113015170139464,0.06586513946892758,0.06296217685656558,3.7036574621509164e-05,0.009014275941587258,0.0,1730,1700,30,56.666666666666664,0
1951,3.883655002367517,0.009380809184462602,3.832520263000279,0.009257295321256713,3.832520263000279,0.009257295321256713,0.0,0.05113473936734003,3.832520263000279,0.009257295321256713,0.06586513946892758,0.014730400101587549,9.070443412307603e-06,0.009221714644682582,0.0,2038,1624,414,3.922705314009662,0
2036,17.49119982854922,0.01980883332791531,17.468466851434044,0.019783088166969474,17.468466851434044,0.019783088166969474,0.0,0.022732977115150987,17.468466851434044,0.019783088166969474,0.04198028941991261,0.01924731230476162,0.00014920397135474126,0.019761290531290266,0.01569108426855692,1012,129,883,0.14609286523216308,0
2057,1.2139243846093972,0.009410266547359668,1.2062288124952347,0.009350610949575462,1.2062288124952347,0.009350610949575462,0.0,0.007695572114284843,1.2062288124952347,0.009350610949575462,0.01662601036190381,0.008930438247618966,5.578037631242327e-06,0.0092813827461046,0.055650395102862404,1730,1601,129,12.410852713178295,0
2068,24.454687493074232,0.02139517715929504,24.43919826122679,0.02138162577535152,24.43919826122679,0.02138162577535152,0.0,0.015489231847618967,24.43919826122679,0.02138162577535152,0.032220970107937674,0.016731738260318707,4.0028081962484946e-05,0.021366987334178737,0.05560372497664545,1561,418,1143,0.3657042869641295,0
2079,21.06810654409397,0.02081828709890708,21.052617312246326,0.020802981533840244,21.052617312246326,0.020802981533840244,0.0,0.015489231847620744,21.052617312246326,0.020802981533840244,0.03193455542857393,0.016445323580953186,1.0208146232745615e-05,0.02078673121409624,0.07905934725079611,2623,1611,1012,1.591897233201581,0
2101,5.184136502192619,0.01661582212241224,5.16864727034496,0.016566177148541538,5.16864727034496,0.016566177148541538,0.0,0.015489231847620744,5.16864727034496,0.016566177148541538,0.03315015040000091,0.017660918552380167,2.9732186115118125e-05,0.016509571640360956,0.03345188576072289,906,594,312,1.9038461538461537,0
2112,31.44501538498835,0.01133970983951978,31.43703130087478,0.011336830616976119,31.43703130087478,0.011336830616976119,0.0,0.007984084114283974,31.43703130087478,0.011336830616976119,0.019274654933330027,0.011290570819046053,2.1966091087638235e-05,0.011332759008314108,0.06355560109315661,3287,514,2773,0.18535881716552471,0
2143,0.6659133672634141,0.009792843636226678,0.6582177951492049,0.009679673458076542,0.6582177951492049,0.009679673458076542,0.0,0.00769557211428662,0.6582177951492049,0.009679673458076542,0.02123215613968199,0.01353658402539537,5.83222060551287e-06,0.009480606045937237,0.003041900947131637,2389,2321,68,34.13235294117647,0
2167,2.4612705083752147,0.016408470055834765,2.446264614127563,0.01630843076085042,2.446264614127563,0.01630843076085042,0.0,0.015005894247618556,2.446264614127563,0.01630843076085042,0.03277728639999822,0.01777139215237966,1.4343335070524344e-05,0.01618995481316811,0.08303517235087554,1389,1239,150,8.26,0
2178,15.397167207305586,0.019867312525555594,15.3813085151913,0.01984684969702103,15.3813085151913,0.01984684969702103,0.0,0.01585869211428559,15.3813085151913,0.01984684969702103,0.03845838559999848,0.02259969348571289,3.7478761999523866e-05,0.019817688802200757,0.3636606153142594,1378,603,775,0.7780645161290323,0
2191,0.6644154391111314,0.017036293310541833,0.6488026467301595,0.016635965300773322,0.6488026467301595,0.016635965300773322,0.0,0.015612792380952811,0.6488026467301595,0.016635965300773322,0.0337247282793669,0.01811193589841409,7.422924548530364e-05,0.016171556687993964,0.1495499599999981,283,244,39,6.256410256410256,0
2215,8.007795784986083,0.009533090220221528,8.000464628871546,0.009524362653418507,8.000464628871546,0.009524362653418507,0.0,0.0073311561142865855,8.000464628871546,0.009524362653418507,0.0203456248888898,0.013014468774603216,6.602977561949882e-06,0.009508869238210944,0.13650610939545516,2811,1971,840,2.3464285714285715,0
2226,0.8009926253460691,0.017042396283958917,0.7853798329650801,0.01671020921202298,0.7853798329650801,0.01671020921202298,0.0,0.015612792380952811,0.7853798329650801,0.01671020921202298,0.06306007251255608,0.047447280131603264,2.9728872262909312e-05,0.015700692613479,0.004475211349042496,1643,1596,47,33.95744680851064,0
2248,2.7451650529778746,0.016738811298645576,2.7305553400634937,0.016649727683313985,2.7305553400634937,0.016649727683313985,0.0,0.014609712914285922,2.7305553400634937,0.016649727683313985,0.08212957271919308,0.06751985980490716,2.094938250229822e-05,0.01623802122108952,0.12916891969172895,3387,3223,164,19.652439024390244,0
2259,16.90510507124623,0.02061598179420272,16.889615839398665,0.020597092487071544,16.889615839398665,0.020597092487071544,0.0,0.015489231847620744,16.889615839398665,0.020597092487071544,0.033317226819050916,0.017827994971430172,2.8253557799413903e-05,0.020575351029789243,0.22264470414776838,1451,631,820,0.7695121951219512,0
2283,8.142859244165791,0.018591002840561168,8.128107754032444,0.018557323639343478,8.128107754032444,0.018557323639343478,0.0,0.014751490133331657,8.128107754032444,0.018557323639343478,0.03157594514285478,0.01682445500952312,4.686477718530117e-05,0.01851891164160488,0.26496289149666197,797,359,438,0.819634703196347,0
2294,6.745078859017852,0.009608374443045372,6.737383286903295,0.009597412089605835,6.737383286903295,0.009597412089605835,0.0,0.00769557211428662,6.737383286903295,0.009597412089605835,0.016205285942856307,0.008509713828569687,3.6998755776389945e-05,0.009585289990135321,0.09890960701277152,932,230,702,0.32763532763532766,0
2327,1.5661576670268929,0.017023452902466228,1.5513241034458833,0.016862218515716124,1.5513241034458833,0.016862218515716124,0.0,0.01483356358095378,1.5513241034458833,0.016862218515716124,0.03157663029841373,0.016743066717459953,4.5251531668810686e-05,0.016680228660092163,0.049033278191856766,462,370,92,4.021739130434782,0
2338,0.284532580562189,0.023711048380182415,0.2698091920669557,0.022484099338912975,0.2698091920669557,0.022484099338912975,0.0,0.0147233884952378,0.2698091920669557,0.022484099338912975,0.1039944995486266,0.08927111105338881,4.117671174049299e-05,0.015044840084463532,0.04654174176507908,2180,2168,12,180.66666666666666,0
2359,6.285154324773007,0.01854027824416816,6.270059263592042,0.01849575004009452,6.270059263592042,0.01849575004009452,0.0,0.015095061180950609,6.270059263592042,0.01849575004009452,0.1305304870510824,0.11543542587013178,5.0740846536321665e-05,0.018155232559651697,0.08654171406936584,2614,2275,339,6.710914454277286,0
2370,5.79016080537065,0.018208052847077518,5.717582081110875,0.017979817865128537,5.717582081110875,0.017979817865128537,0.0,0.07257872425974199,5.717582081110875,0.017979817865128537,0.09207398673593303,0.019495262476191044,0.0001892743929727286,0.017918512008285276,0.038456500315149356,421,103,318,0.3238993710691824,0
2371,6.503901010192266,0.009721825127342699,6.497613795906472,0.009712427198664383,6.497613795906472,0.009712427198664383,0.0,0.006287214285528364,6.497613795906472,0.009712427198664383,0.09245427474613521,0.08616706046060685,3.92203279292703e-05,0.009583627407243842,0.0,2866,2197,669,3.2840059790732434,0
2446,4.202011059228056,0.018034382228446593,4.182293374504247,0.01794975697212123,4.182293374504247,0.01794975697212123,0.0,0.019717684723808304,4.182293374504247,0.01794975697212123,0.037890497676190904,0.0181728129523826,4.911571068211513e-05,0.0178717620667462,0.003236126170040876,603,370,233,1.5879828326180256,0
2447,1.1606073861690582,0.009284859089352466,1.159560569189031,0.009276484553512248,1.159560569189031,0.009276484553512248,0.0,0.0010468169798727445,1.159560569189031,0.009276484553512248,0.018015067847404254,0.01696825086753151,4.713403018758752e-05,0.009140738546573232,0.0,485,360,125,2.88,0
2448,5.258386615717175,0.009630744717430723,5.257339798737077,0.009628827470214428,5.257339798737077,0.009628827470214428,0.0,0.0010468169798727445,5.257339798737077,0.009628827470214428,0.04700818809906693,0.04596137111919418,6.103767744912907e-05,0.0095446491348317,0.0,1299,753,546,1.379120879120879,0
2501,32.63283705307312,0.011755344759752564,32.62370447189228,0.011752054925033242,32.62370447189228,0.011752054925033242,0.0,0.00913258118095328,32.62370447189228,0.011752054925033242,0.019576496355554696,0.010443915174601415,2.5851275184656966e-05,0.011748292707751283,0.4451054418106075,3180,404,2776,0.14553314121037464,0
2512,44.06256255012529,0.024210199203365545,44.046488837211534,0.024201367492973372,44.046488837211534,0.024201367492973372,0.0,0.0160737129142845,44.046488837211534,0.024201367492973372,0.034016950298411786,0.017943237384127286,3.7616849861902065e-05,0.02419150857133345,0.006400282453249417,2297,477,1820,0.2620879120879121,0
2535,7.8782867505906715,0.019894663511592605,7.862299465105026,0.019854291578548046,7.862299465105026,0.019854291578548046,0.0,0.015987285485714153,7.862299465105026,0.019854291578548046,0.034824127441268615,0.018836841955554462,5.535363489730962e-06,0.019806723795831826,0.11399971928608821,3799,3403,396,8.593434343434344,0
2546,0.9264170380909462,0.017815712270979736,0.910260637176691,0.017505012253397904,0.910260637176691,0.017505012253397904,0.0,0.01615640091428716,0.910260637176691,0.017505012253397904,0.040842066392276166,0.024685665477989005,2.369065784835797e-05,0.017030287917282116,0.18062145726983658,1094,1042,52,20.03846153846154,0
2577,5.2442450751239775,0.009711564953933292,5.234911341942825,0.009694280262857083,5.234911341942825,0.009694280262857083,0.0,0.009333733180952208,5.234911341942825,0.009694280262857083,0.02538081605079512,0.01604708286984291,8.817078499913688e-06,0.009664563442728116,0.05858524533140752,2360,1820,540,3.3703703703703702,0
2598,4.018716075232639,0.019603493049915315,4.00221375538506,0.019522993928707606,4.00221375538506,0.019522993928707606,0.0,0.01650231984761774,4.00221375538506,0.019522993928707606,0.13989257941933886,0.12339025957172112,5.5782214996257284e-05,0.018921090223479514,0.04253974014134343,2417,2212,205,10.790243902439025,0
2620,15.440229865684326,0.022606485894120537,15.42372754583674,0.022582324371649694,15.42372754583674,0.022582324371649694,0.0,0.01650231984761774,15.42372754583674,0.022582324371649694,0.061630931934200106,0.045128612086582365,2.7754373976987923e-05,0.02251625026903386,0.07690006029984886,2309,1626,683,2.3806734992679357,0
2631,0.47809612139684887,0.018388312361417265,0.461593801549206,0.01775360775189254,0.461593801549206,0.01775360775189254,0.0,0.01650231984761774,0.461593801549206,0.01775360775189254,0.034801037765078036,0.018298717917460294,2.3826455621693093e-05,0.017049810908914262,0.07865163684848753,794,768,26,29.53846153846154,0
2642,4.052803087711691,0.019769771159569224,4.036300767864141,0.019689272038361662,4.036300767864141,0.019689272038361662,0.0,0.01650231984761774,4.036300767864141,0.019689272038361662,0.037852646653966815,0.021350326806349074,1.9823887471076204e-05,0.019585124102720605,0.18798738199366483,1282,1077,205,5.253658536585366,0
2653,7.039183138411751,0.02070347981885809,7.021705141764196,0.02065207394636528,7.021705141764196,0.02065207394636528,0.0,0.01747799664761729,7.021705141764196,0.02065207394636528,0.03967750191745978,0.02219950526984249,2.2045188947212006e-05,0.020586781283806737,0.05577928330158599,1347,1007,340,2.961764705882353,0
2676,0.6827743622533902,0.019507838921525432,0.6605748569835486,0.018873567342387102,0.6605748569835486,0.018873567342387102,0.0,0.02219950526984249,0.6605748569835486,0.018873567342387102,0.041237170488891195,0.019037665219048705,1.3482765735870188e-05,0.018329634050414257,0.007952798181662502,1447,1412,35,40.34285714285714,0
2687,7.476896439839756,0.020827009581726338,7.4578587746207585,0.020773979873595427,7.4578587746207585,0.020773979873595427,0.0,0.019037665219048705,7.4578587746207585,0.020773979873595427,0.038584966603174564,0.01954730138412586,1.2186596872896421e-05,0.02071953056611861,0.02219950526984249,1963,1604,359,4.467966573816156,0
2718,6.254968911229859,0.0208498963707662,6.237490914582305,0.020791636381941016,6.237490914582305,0.020791636381941016,0.0,0.01747799664761729,6.237490914582305,0.020791636381941016,0.09234866803347686,0.07487067138585957,5.6463553081342055e-05,0.020542067477321277,0.04351869301085287,1626,1326,300,4.42,0
2747,29.138774443744353,0.024589683074889748,29.12084780709726,0.02457455511147448,29.12084780709726,0.02457455511147448,0.0,0.017926636647619176,29.12084780709726,0.02457455511147448,0.037980612571427486,0.02005397592380831,2.5193437090211445e-05,0.024557631925040443,0.02998315494924242,1981,796,1185,0.6717299578059072,0
2758,10.718421229393673,0.01099325254296787,10.709014770879032,0.010983604893209263,10.709014770879032,0.010983604893209263,0.0,0.009406458514284566,10.709014770879032,0.010983604893209263,0.09568282950187523,0.08627637098759067,3.9163128001629896e-05,0.010895116307581332,0.13120961597295988,3178,2203,975,2.2594871794871794,0
2769,4.361259148692152,0.020571977116472417,4.343332512044571,0.020487417509644206,4.343332512044571,0.020487417509644206,0.0,0.017926636647619176,4.343332512044571,0.020487417509644206,0.09358674910014386,0.07566011245252469,3.1951061001910764e-05,0.020130530186754758,0.03392849313179269,2580,2368,212,11.169811320754716,0
2800,10.377501489224116,0.022079790402604504,10.355741207573379,0.02203349193100719,10.355741207573379,0.02203349193100719,0.0,0.021760281650792024,10.355741207573379,0.02203349193100719,0.04197337503491738,0.020213093384125358,0.0001889074148049099,0.02199048534933872,0.01257546781052099,577,107,470,0.2276595744680851,0
2865,1.1114638478200654,0.009923784355536298,1.1017168666389632,0.009836757737847885,1.1017168666389632,0.009836757737847885,0.0,0.009746981180953185,1.1017168666389632,0.009836757737847885,0.020879523250794563,0.011132542069841378,6.871939549284802e-05,0.00973736004079706,0.2336118571366903,274,162,112,1.4464285714285714,0
2876,29.782456672094167,0.02567453161387428,29.763806280780404,0.025658453690327935,29.763806280780404,0.025658453690327935,0.0,0.01865039131428503,29.763806280780404,0.025658453690327935,0.0687630511215005,0.050112659807215465,5.662447435843555e-05,0.02561525312152816,0.09944118459042173,2045,885,1160,0.7629310344827587,1
2908,0.769668654183306,0.021379684838425166,0.7510182628690419,0.020861618413028943,0.7510182628690419,0.020861618413028943,0.0,0.01865039131428503,0.7510182628690419,0.020861618413028943,0.03910807136507799,0.02045768005079296,3.1965125079364e-05,0.020293349522728557,0.11593186910623743,676,640,36,17.77777777777778,0
2919,0.6650526576738969,0.010391447776154639,0.6552835964929294,0.010238806195202023,0.6552835964929294,0.010238806195202023,0.0,0.009769061180953997,0.6552835964929294,0.010238806195202023,0.047176021026263726,0.03740695984530973,2.071260235066984e-05,0.009654322447619268,0.14197559029689444,1870,1806,64,28.21875,0
2930,0.7307271399206776,0.02214324666426296,0.7120767486064169,0.021578083291103542,0.7120767486064169,0.021578083291103542,0.0,0.01865039131428503,0.7120767486064169,0.021578083291103542,0.039305753904759655,0.020655362590474624,5.216000654160259e-05,0.020952163212603573,0.009556812953896099,429,396,33,12.0,0
2953,5.753388207141192,0.010835006039813922,5.743355081960172,0.010816111265461718,5.743355081960172,0.010816111265461718,0.0,0.010033125180953562,5.743355081960172,0.010816111265461718,0.020743026895239325,0.010709901714285763,3.60602751322753e-05,0.010795941959031927,0.03748839463247222,828,297,531,0.559322033898305,0
2954,0.8878234403689262,0.022195586009223157,0.8779051220921321,0.021947628052303304,0.8779051220921321,0.021947628052303304,0.0,0.009918318276834981,0.8779051220921321,0.021947628052303304,0.062399951159150646,0.052481632882315665,0.00011585349422144738,0.02063558723024439,0.0,493,453,40,11.325,0
2955,6.004382388955275,0.022156392579170757,5.969167755810936,0.02202644928343519,5.969167755810936,0.02202644928343519,0.0,0.035214633144367014,5.969167755810936,0.02202644928343519,0.062399951159150646,0.027185318014783633,4.2213226731030486e-05,0.021926134456812265,0.0,915,644,271,2.376383763837638,0
2998,30.04258842806304,0.025288374097696163,30.01540311004879,0.025265490833374402,30.01540311004879,0.025265490833374402,0.0,0.027185318014783633,30.01540311004879,0.025265490833374402,0.04797529673224332,0.02078997871745969,4.8348787715022535e-05,0.02524799085128855,0.035214633144367014,1618,430,1188,0.36195286195286197,0
3034,3.3144354383175845,0.022244533143071038,3.2945167376191784,0.022110850588048177,3.2945167376191784,0.022110850588048177,0.0,0.01991870069841184,3.2945167376191784,0.022110850588048177,0.12483172042481883,0.10491301972640699,6.331503906240614e-05,0.021406736361696415,0.17373877607247223,1806,1657,149,11.120805369127517,0
3045,3.2322272337276843,0.021692800226360297,3.212308533029279,0.021559117671337443,3.212308533029279,0.021559117671337443,0.0,0.01991870069841184,3.212308533029279,0.021559117671337443,0.04151627408253944,0.0215975733841276,8.865998926160755e-06,0.021414167514396946,0.12483172042481883,2585,2436,149,16.348993288590606,0
3067,14.449693664185865,0.024285199435606496,14.429774963487555,0.024251722627710175,14.429774963487555,0.024251722627710175,0.0,0.01991870069841184,14.429774963487555,0.024251722627710175,0.0716575515913398,0.05173885089292796,4.064324500622777e-05,0.02416476657578912,0.02304986193626135,1868,1273,595,2.1394957983193277,0
3078,0.28685614021360095,0.011474245608544037,0.277282919032612,0.01109131676130448,0.277282919032612,0.01109131676130448,0.0,0.00957322118095405,0.277282919032612,0.01109131676130448,0.04813730633419766,0.03856408515324361,1.4177972482810151e-05,0.009548753355176132,0.03735959378748532,2745,2720,25,108.8,0
3089,1.1099323276353381,0.009486601090900326,1.1000695064542563,0.009402303473968003,1.1000695064542563,0.009402303473968003,0.0,0.009862821180952608,1.1000695064542563,0.009402303473968003,0.021931327898414565,0.012068506717461958,1.2080587304766724e-05,0.00929915384390533,0.04813730633419766,1116,999,117,8.538461538461538,0
3100,2.663942366557702,0.02586351812191944,2.6440236658592924,0.02567013267824556,2.6440236658592924,0.02567013267824556,0.0,0.01991870069841184,2.6440236658592924,0.02567013267824556,0.0400727467682529,0.02015404606984106,4.2699250147968344e-05,0.025474462328052904,0.02709398886647918,575,472,103,4.58252427184466,1
3113,33.14635133767558,0.025458027141071878,33.12616154897749,0.025442520390919734,33.12616154897749,0.025442520390919734,0.0,0.02018978869841348,33.12616154897749,0.025442520390919734,0.04134413551746263,0.021154346819049152,0.000122279461381787,0.02542627281271745,0.42194322803808504,1475,173,1302,0.13287250384024576,0
3144,3.0201161837782777,0.010450229009613418,3.010709725264075,0.010417680710256314,3.010709725264075,0.010417680710256314,0.0,0.009406458514284566,3.010709725264075,0.010417680710256314,0.025143057590764073,0.015736599076479507,3.512633722428461e-05,0.010363228810337417,0.05375123171616991,737,448,289,1.5501730103806228,0
3155,4.304097927278399,0.022417176704574993,4.284179226579992,0.022313433471770793,4.284179226579992,0.022313433471770793,0.0,0.01991870069841184,4.284179226579992,0.022313433471770793,0.04138273528888803,0.02146403459047619,1.5690083764967975e-05,0.022201641624945367,0.04144763102512172,1560,1368,192,7.125,0
3186,8.82362183482871,0.01167145745347713,8.814780197647671,0.011659762166200623,8.814780197647671,0.011659762166200623,0.0,0.008841637180953654,8.814780197647671,0.011659762166200623,0.02009761787936526,0.011255980698411605,4.666658664349753e-06,0.01164487330284305,0.1884980830467633,3168,2412,756,3.1904761904761907,0
3197,10.564230577326146,0.024064306554273683,10.543514884627719,0.02401711818821804,10.543514884627719,0.02401711818821804,0.0,0.020715692698413335,10.543514884627719,0.02401711818821804,0.04665145913997293,0.025935766441559593,5.187153288311919e-05,0.02395803899359037,0.15470585023433614,939,500,439,1.1389521640091116,0
3208,0.3434833576496281,0.015612879893164915,0.33407689913535343,0.015185313597061519,0.33407689913535343,0.015185313597061519,0.0,0.009406458514284566,0.33407689913535343,0.015185313597061519,0.1245942126106776,0.11518775409639304,3.0193382463012592e-05,0.009949506592679569,0.1226164887117207,3837,3815,22,173.4090909090909,0
3239,57.743449960364075,0.02234653636237,57.72173151231391,0.02233813139021436,57.72173151231391,0.02233813139021436,0.0,0.021718448050794592,57.72173151231391,0.02233813139021436,0.043663122641270036,0.021944674590475444,3.407558166222895e-05,0.022329638869087776,0.029286372395219473,3228,644,2584,0.24922600619195046,0
3240,5.965667178464162,0.01156137050089954,5.959626329064323,0.011549663428419232,5.959626329064323,0.011549663428419232,0.0,0.006040849399742143,5.959626329064323,0.011549663428419232,0.036380658667273025,0.03033980926753088,4.610913262542687e-05,0.011490865348443584,0.0,1174,658,516,1.2751937984496124,0
3265,3.253930362649257,0.022596738629508728,3.2319856880587814,0.02244434505596376,3.2319856880587814,0.02244434505596376,0.0,0.021944674590475444,3.2319856880587814,0.02244434505596376,0.048240189679653156,0.026295515089177712,2.4995736776784897e-05,0.022261737312288914,0.021718448050794592,1196,1052,144,7.305555555555555,0
3287,6.48926955896313,0.023426965916834405,6.468358666264756,0.02335147532947565,6.468358666264756,0.02335147532947565,0.0,0.02091089269841362,6.468358666264756,0.02335147532947565,0.06983903740721686,0.048928144708803245,9.574979395069128e-05,0.023174839427999687,0.03969681461485308,788,511,277,1.8447653429602888,0
3360,4.395555678512228,0.02375976042439042,4.37463779686144,0.02364669079384562,4.37463779686144,0.02364669079384562,0.0,0.020917881650792225,4.37463779686144,0.02364669079384562,0.1035060059890327,0.08258812433824048,6.836765259788119e-05,0.023200268500125378,0.06317031090227232,1393,1208,185,6.52972972972973,0
3371,0.8438348151437864,0.024818671033640778,0.8229169334929958,0.02420343922038223,0.8229169334929958,0.02420343922038223,0.0,0.020917881650792225,0.8229169334929958,0.02420343922038223,0.10736391610540608,0.08644603445461385,4.361555724248933e-05,0.021660908795246483,0.1035060059890327,2016,1982,34,58.294117647058826,0
3402,0.26782851303897104,0.02434804663990646,0.2466187572548331,0.022419887023166645,0.2466187572548331,0.022419887023166645,0.0,0.021209755784127537,0.2466187572548331,0.022419887023166645,0.04955194079769143,0.028342185013563892,2.8950137909666897e-05,0.019843324749207237,0.06179909778706261,990,979,11,89.0,0
3425,4.149221291427644,0.023441928200156177,4.128130800710212,0.023322772885368433,4.128130800710212,0.023322772885368433,0.0,0.02109049071745872,4.128130800710212,0.023322772885368433,0.042623515834918635,0.021533025117459914,1.1844348249427895e-05,0.023201117376230086,0.2549167790753124,1995,1818,177,10.271186440677965,0
3426,16.313941626486496,0.01304072072460951,16.305843071404702,0.013034247059476181,16.305843071404702,0.013034247059476181,0.0,0.008098555082000303,16.305843071404702,0.013034247059476181,0.044099095572622815,0.03600054049062251,3.60365770676902e-05,0.01300546964901189,0.0,2250,999,1251,0.7985611510791367,0
3451,7.897218139583423,0.024678806686198197,7.876817743265962,0.02461505544770613,7.876817743265962,0.02461505544770613,0.0,0.02040039631745927,7.876817743265962,0.02461505544770613,0.07562429165483309,0.05522389533737382,1.7295300763349145e-05,0.024442480774776842,0.16847602387300498,3513,3193,320,9.978125,0
3452,0.27751702917147725,0.03083522546349747,0.26917736440519485,0.02990859604502165,0.26917736440519485,0.02990859604502165,0.0,0.008339664766271682,0.26917736440519485,0.02990859604502165,0.12352868357147173,0.11518901880520005,4.383143790152209e-05,0.01710981617777839,0.0,2637,2628,9,292.0,0
3477,2.8207633265273273,0.023312093607663863,2.7952889796574905,0.02310156181535116,2.7952889796574905,0.02310156181535116,0.0,0.02547434686984218,2.7952889796574905,0.02310156181535116,0.04878747690158747,0.02331313003174529,1.3337030910609433e-05,0.02290889131922099,0.05014994478499091,1869,1748,121,14.446280991735538,0
3478,16.435477349257006,0.013085571137943477,16.382551444805035,0.0130434326789849,16.382551444805035,0.0130434326789849,0.0,0.05292590445228029,16.382551444805035,0.0130434326789849,0.16935524698388704,0.11642934253160675,4.285216876393329e-05,0.012950734157860763,0.0,3973,2717,1256,2.163216560509554,0
3479,0.27316973804755307,0.009756062073126895,0.2731697380475523,0.009756062073126867,0.2731697380475523,0.009756062073126867,0.0,0.0,0.2731697380475523,0.009756062073126867,0.017782255242359213,0.017782255242359213,8.674270849931323e-05,0.009120981528756924,0.0,233,205,28,7.321428571428571,0
3532,19.35734170271948,0.02577542170801529,19.330600898612236,0.025739814778445055,19.330600898612236,0.025739814778445055,0.0,0.026740804107713956,19.330600898612236,0.025739814778445055,0.04716316012041233,0.020422356012698373,1.9339352284752248e-05,0.0257126212284941,0.029068006372266808,1807,1056,751,1.4061251664447403,0
3533,5.2097630052686625,0.012433801921882249,5.195933016923521,0.012400794789793607,5.195933016923521,0.012400794789793607,0.0,0.013829988344927102,5.195933016923521,0.012400794789793607,0.10737678749759993,0.09354679915267283,4.1319257576268916e-05,0.012177532739310411,0.0,2683,2264,419,5.4033412887828165,0
3558,8.453099147151349,0.024862056315151027,8.433248515786234,0.02480367210525363,8.433248515786234,0.02480367210525363,0.0,0.01985063136508103,8.433248515786234,0.02480367210525363,0.039756209473019055,0.019905578107938027,9.047990049062739e-05,0.024745126287289206,0.10808911227279339,560,220,340,0.6470588235294118,0
3569,2.315296534651882,0.012447830831461731,2.305439608200865,0.012394836603230456,2.305439608200865,0.012394836603230456,0.0,0.00985692645091163,2.305439608200865,0.012394836603230456,0.023934014654084734,0.014077088203173105,4.788125239174526e-05,0.01231915333332149,0.009555367135799742,480,294,186,1.5806451612903225,0
3582,7.851020806896223,0.025083133568358538,7.831170175531113,0.025019713020866176,7.831170175531113,0.025019713020866176,0.0,0.01985063136508103,7.831170175531113,0.025019713020866176,0.15921181093679593,0.1393611795717149,6.683989427899995e-05,0.024574469635653122,0.050509493054679666,2398,2085,313,6.661341853035144,0
3605,1.3198672657016388,0.012939875153937635,1.3096964765206343,0.012840161534516023,1.3096964765206343,0.012840161534516023,0.0,0.010170789180953932,1.3096964765206343,0.012840161534516023,0.02114626209523962,0.010975472914285689,1.4216933826794934e-05,0.012732558858886267,0.056688924735500024,874,772,102,7.568627450980392,0
3616,0.9786741314608989,0.023870100767338996,0.948804440593359,0.023141571721789243,0.948804440593359,0.023141571721789243,0.0,0.029869690867531773,0.948804440593359,0.023141571721789243,0.05622901896911969,0.02635932810158792,4.328296896812466e-05,0.022498661280287297,0.03362109038095795,650,609,41,14.853658536585366,0
3669,19.49571561178418,0.012684265199599337,19.48391284642581,0.012676586106978405,19.48391284642581,0.012676586106978405,0.0,0.011802765358730483,19.48391284642581,0.012676586106978405,0.04510573734372514,0.033302971984994656,5.423936805373723e-05,0.012654918591047792,0.08199384159513912,2151,614,1537,0.39947950553025374,0
3680,10.175939425507753,0.025376407544907116,10.15553902919037,0.025325533738629353,10.15553902919037,0.025325533738629353,0.0,0.02040039631745927,10.15553902919037,0.025325533738629353,0.04356252546031669,0.023162129142857424,1.1151723227182197e-05,0.02526777281807341,0.1778086613293084,2478,2077,401,5.179551122194514,0
3702,3.57732348376242,0.024171104620016353,3.5551726090449907,0.024021436547601287,3.5551726090449907,0.024021436547601287,0.0,0.022150874717461022,3.5551726090449907,0.024021436547601287,0.04405521655873201,0.02190434184127099,9.164996586305854e-05,0.023873434237862756,0.03798189768490445,387,239,148,1.614864864864865,0
3735,10.535062545964827,0.02575809913438833,10.513497847247518,0.025705373709651633,10.513497847247518,0.025705373709651633,0.0,0.021564698717458697,10.513497847247518,0.025705373709651633,0.17032041438844914,0.14875571567099044,5.45092398940969e-05,0.025341667803365227,0.21446156883749268,3138,2729,409,6.67237163814181,0
3736,2.7752930057000427,0.012225960377533228,2.766168867996537,0.012185765938310734,2.766168867996537,0.012185765938310734,0.0,0.009124137703349078,2.766168867996537,0.012185765938310734,0.023734389690652336,0.014610251987303258,8.116806659612921e-05,0.012121403594755024,0.0,407,180,227,0.7929515418502202,0
3771,16.468004396603398,0.01280560217465272,16.461843813052027,0.012800811674223972,16.461843813052027,0.012800811674223972,0.0,0.00616058355154081,16.461843813052027,0.012800811674223972,0.06826306948746819,0.062102485935927376,4.184803634496454e-05,0.012752520472096369,0.07294577513946976,2770,1484,1286,1.1539657853810263,0
3772,20.309005314156828,0.026104119941075615,20.248614924422313,0.026026497332162356,20.248614924422313,0.026026497332162356,0.0,0.060390389735061945,20.248614924422313,0.026026497332162356,0.08438361894141266,0.02399322920635072,3.7725203154639496e-05,0.02599565770593241,0.0,1414,636,778,0.8174807197943444,0
3801,3.035192796056201,0.012388542024719187,3.0181958620813822,0.012319166784005641,3.0181958620813822,0.012319166784005641,0.0,0.016996933974628092,3.0181958620813822,0.012319166784005641,0.09378771806928654,0.07679078409465845,6.409915199888017e-05,0.012005735012191487,0.03002585086753129,1443,1198,245,4.889795918367347,0
3814,1.5892500821933595,0.023720150480497904,1.567809415475897,0.023400140529491,1.567809415475897,0.023400140529491,0.0,0.021440666717460033,1.567809415475897,0.023400140529491,0.04440795514920737,0.022967288431747335,1.4230042398852129e-05,0.023057345179763464,0.31313415268338574,1681,1614,67,24.08955223880597,0
3868,3.3186313178542264,0.026130955258694695,3.2933298799367656,0.025931731338084768,3.2933298799367656,0.025931731338084768,0.0,0.025301437917459424,3.2933298799367656,0.025931731338084768,0.2011669700963914,0.17586553217893197,6.52320223215623e-05,0.02454696336817193,0.01385264259388208,2823,2696,127,21.228346456692915,0
3879,6.406020961052658,0.02552199586076756,6.383709638335159,0.025433106128825333,6.383709638335159,0.025433106128825333,0.0,0.022311322717460058,6.383709638335159,0.025433106128825333,0.04580712314920632,0.02349580043174626,8.019044515954355e-05,0.025339497362165144,0.2011669700963914,544,293,251,1.1673306772908367,0
3922,0.5589557905315914,0.02540708138779961,0.5363811131474732,0.024380959688521508,0.5363811131474732,0.024380959688521508,0.0,0.022574677384127995,0.5363811131474732,0.024380959688521508,0.07562511811832451,0.05305044073419651,7.188406603549663e-05,0.021969576018784857,0.12120930078721415,760,738,22,33.54545454545455,0
3933,9.323935343683736,0.02589982039912149,9.301360666299736,0.02583711296194371,9.301360666299736,0.02583711296194371,0.0,0.022574677384127995,9.301360666299736,0.02583711296194371,0.05306519401327492,0.030490516629146924,1.4089887536574364e-05,0.025752417082417947,0.16604517165482946,2524,2164,360,6.011111111111111,0
3976,0.6190311546996874,0.03095155773498437,0.5964564773155738,0.02982282386577869,0.5964564773155738,0.02982282386577869,0.0,0.022574677384127995,0.5964564773155738,0.02982282386577869,0.17676966248809123,0.15419498510396323,5.7066981903761375e-05,0.02211307461057981,0.04793352620626834,2722,2702,20,135.1,0
3977,0.8295133366757703,0.012568383889026823,0.8237216908144318,0.012480631679006543,0.8237216908144318,0.012480631679006543,0.0,0.005791645861300765,0.8237216908144318,0.012480631679006543,0.04015864862724783,0.03436700276594706,5.287231194761087e-05,0.011959919515886704,0.0,716,650,66,9.848484848484848,0
4002,15.909126845340072,0.02633961398235111,15.886329250623026,0.026301869620236798,15.886329250623026,0.026301869620236798,0.0,0.0227975947174599,15.886329250623026,0.026301869620236798,0.045734064558729415,0.022936469841269513,1.61524435501898e-05,0.02626389533241944,0.17676966248809123,2024,1420,604,2.3509933774834435,0
4023,3.267612840813406,0.025933435244550843,3.2450078274292755,0.02575403037642282,3.2450078274292755,0.02575403037642282,0.0,0.022605013384126238,3.2450078274292755,0.02575403037642282,0.046710642641265565,0.024105629257139327,1.1673428211689746e-05,0.025562715858509052,0.2444886562272579,2191,2065,126,16.38888888888889,0
4074,2.742791264432448,0.026372992927235075,2.7151424763247363,0.026107139195430156,2.7151424763247363,0.026107139195430156,0.0,0.027648788107711653,2.7151424763247363,0.026107139195430156,0.05170578269818549,0.024056994590473835,1.6545388301563848e-05,0.025875821939752523,0.01572780328923784,1558,1454,104,13.98076923076923,0
4075,17.719780322983645,0.012794065215150646,17.714189574504204,0.012790028573649245,17.714189574504204,0.012790028573649245,0.0,0.00559074847997465,17.714189574504204,0.012790028573649245,0.0373632935951278,0.03177254511515315,6.121877671513131e-05,0.012767088107861745,0.0,1904,519,1385,0.3747292418772563,0
4100,4.180535042657631,0.02629267322426183,4.178520246913252,0.026280001552913535,4.178520246913252,0.026280001552913535,0.0,0.0020147957443299447,4.178520246913252,0.026280001552913535,0.09592612434923353,0.09391132860490359,2.5043020961307624e-05,0.02568936426609055,0.04969098695385554,3909,3750,159,23.58490566037736,0
4121,23.391590261909684,0.02637157864927811,23.368068208526026,0.026345059987064292,23.368068208526026,0.026345059987064292,0.0,0.023522053384127162,23.368068208526026,0.026345059987064292,0.04726180916825484,0.02373975578412768,2.082434717905937e-05,0.026318295888096314,0.05116164889497554,2027,1140,887,1.2852311161217587,0
4142,8.627547339052065,0.013091877600989475,8.615335261693867,0.013073346375863227,8.615335261693867,0.013073346375863227,0.0,0.012212077358732643,8.615335261693867,0.013073346375863227,0.0296717194158731,0.017459642057140456,1.0672152846662871e-05,0.013046852230100442,0.01342465745030097,2295,1636,659,2.4825493171471926,0
4155,8.071667854063861,0.026464484767422497,8.008394904328908,0.026257032473209534,8.008394904328908,0.026257032473209534,0.0,0.06327294973506525,8.008394904328908,0.026257032473209534,0.11955052372640296,0.056277573991337704,0.00013560861202731978,0.026072515837171992,0.06613291763984819,720,415,305,1.360655737704918,0
4177,2.751196465346389,0.026453812166792205,2.724397757740032,0.026196132285961845,2.724397757740032,0.026196132285961845,0.0,0.026798707606346284,2.724397757740032,0.026196132285961845,0.11828110821125648,0.0914824006049102,5.2545893512297645e-05,0.025316493818607046,0.04003292891968613,1845,1741,104,16.740384615384617,0
4188,36.403441572697695,0.025528360149156867,36.34047716696271,0.025484205586930368,36.34047716696271,0.025484205586930368,0.0,0.06296440573506601,36.34047716696271,0.025484205586930368,0.0914824006049102,0.028517994869844188,4.085672617456187e-05,0.025464206993052442,0.026798707606346284,2124,698,1426,0.4894810659186536,1
4200,1.7724970666716189,0.034086482051377286,1.7486139892875112,0.033627192101682905,1.7486139892875112,0.033627192101682905,0.0,0.023883077384127205,1.7486139892875112,0.033627192101682905,0.050364424990476664,0.02648134760634946,6.381047615987821e-05,0.03311793541694504,0.11559542998903538,467,415,52,7.980769230769231,1
4222,0.40088593874286715,0.012527685585714599,0.39071514956190506,0.012209848423809533,0.39071514956190506,0.012209848423809533,0.0,0.010170789180953932,0.39071514956190506,0.012209848423809533,0.023149620622220368,0.012978831441266436,4.796316127592918e-06,0.011804259941270212,0.453218583156179,2738,2706,32,84.5625,0
4223,2.7844766327067063,0.026268647478365152,2.772495376033029,0.026155616755028574,2.772495376033029,0.026155616755028574,0.0,0.011981256673657015,2.772495376033029,0.026155616755028574,0.07465903863036516,0.06267778195670815,2.323120161479175e-05,0.025564316925248503,0.0,2804,2698,106,25.452830188679247,0
4224,8.886116342492123,0.013342517030768953,8.875945553311771,0.0133272455755432,8.875945553311771,0.0133272455755432,0.0,0.010170789180953932,8.875945553311771,0.0133272455755432,0.023149620622220368,0.012978831441266436,4.740259839761299e-06,0.0133077578406455,0.0,3404,2738,666,4.111111111111111,0
4318,27.477488679948458,0.026144137659322986,27.453231213231295,0.026121057291371354,27.453231213231295,0.026121057291371354,0.0,0.024257466717457987,27.453231213231295,0.026121057291371354,0.056168897597686396,0.03191143088022841,2.3993557052803315e-05,0.02609069436950597,0.015508003326822006,2381,1330,1051,1.2654614652711702,0
4329,55.76716574401785,0.020578289942442013,55.73525431313822,0.02056651450669307,55.73525431313822,0.02056651450669307,0.0,0.03191143088022841,55.73525431313822,0.02056651450669307,0.06267375156168242,0.030762320681454014,6.746122956459213e-05,0.020555163096847295,0.024257466717457987,3166,456,2710,0.16826568265682657,0
4362,1.0082579989910698,0.027250216188947834,0.9839784629402581,0.026594012511898867,0.9839784629402581,0.026594012511898867,0.0,0.02427953605079125,0.9839784629402581,0.026594012511898867,0.04972008314920373,0.02544054709841248,4.702504084734285e-05,0.025906430157888273,0.05173656500725343,578,541,37,14.621621621621621,0
4383,2.81547886782149,0.027071912190591248,2.7911993317706267,0.026838455113179102,2.7911993317706267,0.026838455113179102,0.0,0.02427953605079125,2.7911993317706267,0.026838455113179102,0.08686858178585766,0.0625890457350664,5.811424859337642e-05,0.026236637365727233,0.06246949834358162,1181,1077,104,10.35576923076923,0
4404,9.741407041105518,0.013586341758864041,9.729250835747155,0.013569387497555308,9.729250835747155,0.013569387497555308,0.0,0.0121562053587283,9.729250835747155,0.013569387497555308,0.09059066698990392,0.07843446163117562,4.5868106217061766e-05,0.01345999494297854,0.003837060846002771,2427,1710,717,2.3849372384937237,0
4417,2.9789399714174323,0.026597678316227075,2.947502451216514,0.026316986171576018,2.947502451216514,0.026316986171576018,0.0,0.03143752020086765,2.947502451216514,0.026316986171576018,0.06386708009696918,0.03242955989610152,1.7258946192709697e-05,0.02602743652964699,0.004468167902494713,1991,1879,112,16.776785714285715,0
4450,3.650291533636512,0.029202332269092097,3.624614006017446,0.02899691204813957,3.624614006017446,0.02899691204813957,0.0,0.025677527619045293,3.624614006017446,0.02899691204813957,0.054539670603169554,0.02886214298412426,4.373051967291555e-05,0.02876601490426674,0.07804690800514891,785,660,125,5.28,1
4461,41.374313849794945,0.023521497356335956,41.34971944441139,0.02350751531802808,41.34971944441139,0.02350751531802808,0.0,0.024594405384128493,41.34971944441139,0.02350751531802808,0.048853236825401325,0.024258831441272832,0.00032782204650368693,0.023493724055127653,0.431337799365096,1833,74,1759,0.04206935758953951,0
4462,3.0133370039922767,0.014081014037347087,3.006913955380082,0.01405099979149571,3.006913955380082,0.01405099979149571,0.0,0.006423048612269611,3.006913955380082,0.01405099979149571,0.15788701459207033,0.15146396597980072,4.5553072475128034e-05,0.013343224249533674,0.0,3539,3325,214,15.537383177570094,0
4511,24.31238570871806,0.02628366022564115,24.287108949099384,0.02625633399902636,24.287108949099384,0.02625633399902636,0.0,0.02527675961904663,24.287108949099384,0.02625633399902636,0.050574951060319506,0.025298191441272877,1.1493953403576954e-05,0.026228984602873234,0.002477376653423846,3126,2201,925,2.3794594594594596,0
4523,17.568516274473716,0.026699872757558838,17.54392186909009,0.026662495241778255,17.54392186909009,0.026662495241778255,0.0,0.024594405384128493,17.54392186909009,0.026662495241778255,0.05276527626666905,0.028170870882540555,3.7762561504746056e-05,0.026619682368095816,0.07551009244444629,1404,746,658,1.1337386018237081,0
4534,5.842751568220471,0.0264377899014501,5.822114706129427,0.026344410434974784,5.822114706129427,0.026344410434974784,0.0,0.02063686209113058,5.822114706129427,0.026344410434974784,0.04523349371017815,0.02459663161904757,0.0004392255646258495,0.026233113459322593,0.05706355555966525,277,56,221,0.25339366515837103,0
4545,20.216620943802525,0.02646154573796142,20.192024312183918,0.026429351193958006,20.192024312183918,0.026429351193958006,0.0,0.02459663161904757,20.192024312183918,0.026429351193958006,0.053292866488888535,0.028696234869840964,2.1592351294086505e-05,0.02639179067711209,0.02063686209113058,2093,1329,764,1.7395287958115184,0
4546,0.539899068153872,0.012555792282648186,0.5359578910476183,0.0124641370011074,0.5359578910476183,0.0124641370011074,0.0,0.0039411771063413426,0.5359578910476183,0.0124641370011074,0.020127171976184854,0.016185994869843512,5.885816316306732e-05,0.012087718515760166,0.0,318,275,43,6.395348837209302,0
4571,3.4759586321092044,0.02694541575278453,3.4513642267250932,0.026754761447481342,3.4513642267250932,0.026754761447481342,0.0,0.024594405384128493,3.4513642267250932,0.026754761447481342,0.0912257297296506,0.0666313243455221,2.5706529454290934e-05,0.026238239553329875,0.12809829064126887,2721,2592,129,20.093023255813954,0
4614,11.47588377369651,0.026626180449411854,11.450969020579448,0.02656837359763213,11.450969020579448,0.02656837359763213,0.0,0.024914753117457167,11.450969020579448,0.02656837359763213,0.04997140855872573,0.02505665544126856,3.4371269466760713e-05,0.026510237506120148,0.010445156967961111,1160,729,431,1.691415313225058,0
4626,26.9150991650179,0.026004926729485893,26.890164023633996,0.025980834805443474,26.890164023633996,0.025980834805443474,0.0,0.02493514138412678,26.890164023633996,0.025980834805443474,0.050864007974603,0.02592886659047622,1.9466116058916078e-05,0.025955782760428307,0.10068757932697991,2367,1332,1035,1.2869565217391303,0
4637,3.8090032223467745,0.013555171609774997,3.7966271769881828,0.013511128743730188,3.7966271769881828,0.013511128743730188,0.0,0.01237604535872805,3.7966271769881828,0.013511128743730188,0.050816614143720074,0.038440568784992024,3.682046818485826e-05,0.013374329566558912,0.01906627764960689,1325,1044,281,3.715302491103203,0
4650,2.7807755584303138,0.026997820955634116,2.7561811530462457,0.026759040320837337,2.7561811530462457,0.026759040320837337,0.0,0.024594405384128493,2.7561811530462457,0.026759040320837337,0.049744692825399284,0.02515028744127079,1.044447152876694e-05,0.026514862772863246,0.2833822961662875,2511,2408,103,23.37864077669903,0
4661,0.8131343624704215,0.01626268724940843,0.8007583171116891,0.01601516634223378,0.8007583171116891,0.01601516634223378,0.0,0.01237604535872805,0.8007583171116891,0.01601516634223378,0.14934829136392835,0.1369722460052003,3.576298851310713e-05,0.013275721422129863,0.08917764450441723,3880,3830,50,76.6,0
4672,2.0621103394516567,0.01393317796926795,1.992869682849065,0.013465335694926115,1.992869682849065,0.013465335694926115,0.0,0.06924065660260226,1.992869682849065,0.013465335694926115,0.09287114747013447,0.023630490867532217,1.2469916025082964e-05,0.013305670216091366,0.05647714389379388,2043,1895,148,12.804054054054054,0
4695,16.242758069086918,0.02698132569615767,16.115005632017315,0.026769112345543713,16.115005632017315,0.026769112345543713,0.0,0.12775243707012862,16.115005632017315,0.026769112345543713,0.19184675158210496,0.06409431451197634,4.737199890020424e-05,0.026662643384559488,0.012936851240993974,1955,1353,602,2.2475083056478407,0
4696,1.051895677222447,0.013840732595032199,1.0363557733518047,0.013636260175681642,1.0363557733518047,0.013636260175681642,0.0,0.015539903870653404,1.0363557733518047,0.013636260175681642,0.0824520644732516,0.06691216060259819,6.765638079130252e-05,0.012755837009857834,0.0,1065,989,76,13.013157894736842,0
4697,6.6095609486427165,0.013684391198018047,6.549197015037248,0.013559414109807967,6.549197015037248,0.013559414109807967,0.0,0.06036393360572134,6.549197015037248,0.013559414109807967,0.1004607473430923,0.04009681373737095,3.904266186696295e-05,0.013476397932297358,0.0,1510,1027,483,2.1262939958592133,0
4747,5.819286389761061,0.026572083971511694,5.788544198116729,0.026431708667199676,5.788544198116729,0.026431708667199676,0.0,0.030742191644442585,5.788544198116729,0.026431708667199676,0.05721840807618861,0.026476216431746025,1.128568475351493e-05,0.02631081270175741,0.16110455993766237,2565,2346,219,10.712328767123287,0
4758,7.363001223691107,0.02639068538957386,7.33840681830723,0.026302533398950646,7.33840681830723,0.026302533398950646,0.0,0.024594405384128493,7.33840681830723,0.026302533398950646,0.04865477922540151,0.02406037384127302,0.000162570093522115,0.02621629549987708,0.15695897361269573,427,148,279,0.5304659498207885,0
4779,18.159388161695297,0.026587683984912586,18.13479375631174,0.02655167460660577,18.13479375631174,0.02655167460660577,0.0,0.024594405384128493,18.13479375631174,0.02655167460660577,0.1209078022533916,0.0963133968692631,5.9087973539425215e-05,0.026410659384248764,0.1341007893398043,2313,1630,683,2.3865300146412882,0
4790,14.078080829560179,0.026815392056305103,14.014234755559029,0.026693780486779103,14.014234755559029,0.026693780486779103,0.0,0.06384607400173081,14.014234755559029,0.026693780486779103,0.1569855306066401,0.0931394566049093,7.609432729159257e-05,0.02651637199800674,0.024594405384128493,1749,1224,525,2.3314285714285714,0
4802,7.80142730173548,0.026356173316673916,7.777147765685018,0.02627414785704398,7.777147765685018,0.02627414785704398,0.0,0.02427953605079125,7.777147765685018,0.02627414785704398,0.04854169549206233,0.02426215944127108,2.0320066533727873e-05,0.026192181102173705,0.3293105922955277,1490,1194,296,4.033783783783784,0
4813,5.1056406810257045,0.02659187854700888,5.081361144975039,0.02646542263007833,5.081361144975039,0.02646542263007833,0.0,0.02427953605079125,5.081361144975039,0.02646542263007833,0.050024933841264385,0.025745397790473135,1.2497765917705406e-05,0.026331332016585624,0.21889216518093235,2252,2060,192,10.729166666666666,0
4814,4.257418263867976,0.013822786570999921,4.248304671649076,0.013793196985873623,4.248304671649076,0.013793196985873623,0.0,0.009113592219286204,4.248304671649076,0.013793196985873623,0.11815628952837187,0.10904269730908567,5.443968912086154e-05,0.013439162254349364,0.0,2311,2003,308,6.503246753246753,0
4839,1.7268673226111844,0.013814938580889474,1.6605794710372301,0.013284635768297842,1.6605794710372301,0.013284635768297842,0.0,0.06628785157402461,1.6605794710372301,0.013284635768297842,0.11147496367099308,0.04518711209696846,3.703861647292497e-05,0.012923138871521531,0.028514755086817445,1345,1220,125,9.76,0
4850,11.870087490861238,0.026734431285723507,11.845807954810994,0.026679747645970708,11.845807954810994,0.026679747645970708,0.0,0.02427953605079125,11.845807954810994,0.026679747645970708,0.049134552787300834,0.024855016736509583,1.0412658875789519e-05,0.026623767878544903,0.2892037739798141,2831,2387,444,5.376126126126126,0
4861,8.82253623756953,0.026816219567080638,8.796932737785845,0.026738397379288282,8.796932737785845,0.026738397379288282,0.0,0.02560349978412546,8.796932737785845,0.026738397379288282,0.054123722971425536,0.028520223187300076,2.3906306108382292e-05,0.026651709770814908,0.33063230801270294,1522,1193,329,3.6261398176291793,0
4872,1.8829351608406526,0.03922781585084693,1.854414937653461,0.038633644534447106,1.854414937653461,0.038633644534447106,0.0,0.028520223187300076,1.854414937653461,0.038633644534447106,0.06133981960208246,0.03281959641478238,3.233457774855407e-05,0.037949902942470214,0.02560349978412546,1063,1015,48,21.145833333333332,1
4883,0.6876266753362046,0.07640296392624496,0.6620231755520928,0.0735581306168992,0.6620231755520928,0.0735581306168992,0.0,0.02560349978412546,0.6620231755520928,0.0735581306168992,0.2973267780409756,0.27172327825685016,6.887789055940435e-05,0.04336665525502544,0.18992080652272136,3954,3945,9,438.3333333333333,1
4894,11.14032122356327,0.012673858047284721,11.127548890204922,0.012659327520142118,11.127548890204922,0.012659327520142118,0.0,0.012772333358732624,11.127548890204922,0.012659327520142118,0.035450873175179254,0.02267853981644663,9.351975182039848e-06,0.012633527133547316,0.08896192897163502,3304,2425,879,2.758816837315131,0
4906,0.6385092383999336,0.026604551599997233,0.6128549226158737,0.025535621775661405,0.6128549226158737,0.025535621775661405,0.0,0.025654315784123582,0.6128549226158737,0.025535621775661405,0.05176908322539475,0.02611476744127117,1.0346579810329306e-05,0.024447506465605784,0.573010430580446,2548,2524,24,105.16666666666667,0
4919,18.72495873461756,0.026336088234342556,18.699733001233685,0.02630060900314161,18.699733001233685,0.02630060900314161,0.0,0.025225733384125704,18.699733001233685,0.02630060900314161,0.0513213285079388,0.026095595123813098,3.136489798535228e-05,0.02626390633770692,0.33293249605075914,1543,832,711,1.170182841068917,0
4930,22.9049651066765,0.02599882531972361,22.87973937329247,0.02597019225118328,22.87973937329247,0.02597019225118328,0.0,0.025225733384125704,22.87973937329247,0.02597019225118328,0.05390474184127214,0.028679008457146438,1.0725134052784757e-05,0.025937639460652924,0.3055767423491744,3555,2674,881,3.0351872871736663,0
4941,8.367232815424927,0.01265844601425859,8.354060727399766,0.012638518498335501,8.354060727399766,0.012638518498335501,0.0,0.013172088025399376,8.354060727399766,0.012638518498335501,0.032686861561906255,0.01951477353650688,1.2250328648152468e-05,0.012608995391623329,0.10633612935023962,2254,1593,661,2.409984871406959,0
4953,20.52106174274227,0.03283369878838763,20.496032169358333,0.03279365147097333,20.496032169358333,0.03279365147097333,0.0,0.02502957338412415,20.496032169358333,0.03279365147097333,0.08517183268340034,0.06014225929927619,2.967057686200108e-05,0.03269742385609419,0.175799060948151,2652,2027,625,3.2432,1
4964,14.257830267001879,0.0374221266850443,14.232800693618064,0.037356432266714076,14.232800693618064,0.037356432266714076,0.0,0.02502957338412415,14.232800693618064,0.037356432266714076,0.057278145479941145,0.032248572095816996,2.3659994200892882e-05,0.037271790345201936,0.11039756606752604,1744,1363,381,3.57742782152231,1
4976,11.397918027869991,0.04070685009953568,11.373373766486157,0.04061919202316485,11.373373766486157,0.04061919202316485,0.0,0.02454426138412913,11.373373766486157,0.04061919202316485,0.1601144808542614,0.13557021947013226,3.597935760884614e-05,0.04013501266791332,0.2833289459370647,4048,3768,280,13.457142857142857,2
4988,19.98679612978991,0.0320815347187639,19.95265827892253,0.03202673881046955,19.95265827892253,0.03202673881046955,0.0,0.03413785086753052,19.95265827892253,0.03202673881046955,0.09342498711919234,0.05928713625166182,7.749952451197624e-05,0.03193157486785027,0.09181836311919511,1388,765,623,1.2279293739967898,3
4999,1.254352071654047,0.04325351971220852,1.229774402269912,0.042406013871376276,1.229774402269912,0.042406013871376276,0.0,0.024577669384129308,1.229774402269912,0.042406013871376276,0.05297554826666584,0.02839787888253653,3.14832360116813e-05,0.04142677666853039,0.2166648220398386,931,902,29,31.103448275862068,1
5010,0.33505126201899316,0.014567446174738832,0.3214371899936519,0.013975529999723995,0.3214371899936519,0.013975529999723995,0.0,0.013614072025397661,0.3214371899936519,0.013975529999723995,0.03384569879364818,0.02023162676825052,1.1999778628855588e-05,0.013095894053275868,0.045782729126180755,1709,1686,23,73.30434782608695,0
5022,3.027239368189427,0.014014997074951052,3.0136798881639386,0.013952221704462678,3.0136798881639386,0.013952221704462678,0.0,0.01355948002539975,3.0136798881639386,0.013952221704462678,0.07852280314459392,0.06496332311919417,1.94442751030213e-05,0.013651465578911266,0.44396383822217445,3557,3341,216,15.467592592592593,0
5023,6.340892791947944,0.05197453108154052,6.331182694382243,0.05189494011788724,6.331182694382243,0.05189494011788724,0.0,0.00971009756597141,6.331182694382243,0.05189494011788724,0.20461300723904685,0.19490290967307544,8.408235965188759e-05,0.05029737528449916,0.0,2440,2318,122,19.0,4
5024,4.571235625605368,0.08019711623869066,4.399854769701941,0.0771904345561744,4.399854769701941,0.0771904345561744,0.0,0.17138085590362806,4.399854769701941,0.0771904345561744,0.20461300723904685,0.03323215133541879,1.392214132191822e-05,0.07660741435730388,0.0,2444,2387,57,41.87719298245614,5
5068,11.980460889976257,0.01207707751005671,11.979342860149345,0.012075950463860226,11.979342860149345,0.012075950463860226,0.0,0.0011180298268200772,11.979342860149345,0.012075950463860226,0.020294448636633433,0.019176418809813356,6.126651376937174e-05,0.012056619396511717,0.10545709016856364,1305,313,992,0.3155241935483871,0
5084,2.0981469537060846,0.027607196759290586,2.072352494988753,0.02726779598669412,2.072352494988753,0.02726779598669412,0.0,0.025794458717463442,2.072352494988753,0.02726779598669412,0.051902642336507654,0.026108183619044212,5.893495173599145e-05,0.026924267254862855,2.881586956562444,519,443,76,5.828947368421052,0
5095,24.580698392418242,0.024904456324638544,24.554903933700786,0.024878322121277392,24.554903933700786,0.024878322121277392,0.0,0.025794458717463442,24.554903933700786,0.024878322121277392,0.08595961096911964,0.060165152251656195,4.7599012857322936e-05,0.024817364520211875,0.12945920248888143,2251,1264,987,1.2806484295846,0
5106,2.8715926592255983,0.027879540380831052,2.845798200508302,0.027629108742799047,2.845798200508302,0.027629108742799047,0.0,0.025794458717463442,2.845798200508302,0.027629108742799047,0.08570053373737352,0.05990607501991008,6.583085167023085e-05,0.027047496363963346,0.1376639844040355,1013,910,103,8.83495145631068,0
5117,3.4044153992890926,0.027454962897492684,3.378620940571794,0.02724694306912737,3.378620940571794,0.02724694306912737,0.0,0.025794458717463442,3.378620940571794,0.02724694306912737,0.05626617677806678,0.030471718060603337,3.435368439752349e-05,0.027001203407346984,0.21496146732466315,1011,887,124,7.153225806451613,0
5128,1.466739055180291,0.029933450105720225,1.4397052449962542,0.029381739693801107,1.4397052449962542,0.029381739693801107,0.0,0.02703381018412898,1.4397052449962542,0.029381739693801107,0.16622519267878744,0.13919138249465846,4.74731863897198e-05,0.02654109923472456,0.47495823945739346,2981,2932,49,59.83673469387755,0
5139,11.042689314376155,0.03050466661429877,11.015655504191978,0.030429987580640822,11.015655504191978,0.030429987580640822,0.0,0.02703381018412898,11.015655504191978,0.030429987580640822,0.054176659758731205,0.027142849574602224,2.4409037387232216e-05,0.030355007333197303,0.4102732923359085,1474,1112,362,3.0718232044198897,2
5151,0.3240563548953119,0.01157344124626114,0.31320652571428637,0.011185947346938799,0.31320652571428637,0.011185947346938799,0.0,0.01084982918095534,0.31320652571428637,0.011185947346938799,0.023165047009527484,0.012315217828572145,4.425159119141985e-06,0.010746118138778016,0.4208781778857116,2811,2783,28,99.39285714285714,0
5162,15.477827458775621,0.02724969623023877,15.45089950459141,0.027202287860196146,15.45089950459141,0.027202287860196146,0.0,0.026927954184124303,15.45089950459141,0.027202287860196146,0.05440766303491529,0.027479708850790985,5.244219246334157e-05,0.027153908091092794,0.30995258980949103,1092,524,568,0.9225352112676056,1
5173,1.7516029579033585,0.011997280533584648,1.7404839980559965,0.01192112327435614,1.7404839980559965,0.01192112327435614,0.0,0.011118959847621568,1.7404839980559965,0.01192112327435614,0.028374318120640396,0.017255358273018828,5.704250668766555e-06,0.011802935888922728,0.014103765085820896,3171,3025,146,20.71917808219178,0
5186,5.366281748520919,0.03066446713440525,5.285497885968607,0.030202845062677754,5.285497885968607,0.030202845062677754,0.0,0.08078386255237291,5.285497885968607,0.030202845062677754,0.10925563900951829,0.02847177645714538,1.1439042369282997e-05,0.030040149197208002,0.20227559105384074,2664,2489,175,14.222857142857142,1
5197,7.793917349428298,0.028444953830030286,7.765445572971212,0.028341042237121212,7.765445572971212,0.028341042237121212,0.0,0.02847177645714538,7.765445572971212,0.028341042237121212,0.10002125497755543,0.07154947852041005,2.449485741883261e-05,0.028079912753469865,0.08078386255237291,3195,2921,274,10.66058394160584,1
5210,1.69362656429891,0.013027896648453153,1.6822417751180339,0.012940321347061799,1.6822417751180339,0.012940321347061799,0.0,0.011384789180951316,1.6822417751180339,0.012940321347061799,0.05105385091832204,0.039669061737370725,1.7529413052306992e-05,0.012635174718312214,0.6899468943808529,2393,2263,130,17.407692307692308,0
5221,15.483557414330917,0.025635028831673703,15.456876811613308,0.025590855648366405,15.456876811613308,0.025590855648366405,0.0,0.02668060271746242,15.456876811613308,0.025590855648366405,0.05361147606349448,0.026930873346032058,2.6095807505845018e-05,0.025546268109714276,0.05345877933954313,1636,1032,604,1.7086092715231789,0
5232,14.166768766337775,0.025804678991507787,14.140780387620227,0.025757341325355603,14.140780387620227,0.025757341325355603,0.0,0.025988378717457294,14.140780387620227,0.025757341325355603,0.05479901216507699,0.028810633447619693,2.9610106318211402e-05,0.025704862940205277,0.05361147606349448,1522,973,549,1.7723132969034607,0
5233,1.6419668467244506,0.013349323957109355,1.6407521053044707,0.013339448010605453,1.6407521053044707,0.013339448010605453,0.0,0.0012147414200569528,1.6407521053044707,0.013339448010605453,0.12083848967517952,0.11962374825512256,4.550161592054871e-05,0.012366897211782692,0.0,2752,2629,123,21.3739837398374,0
5259,0.196483251756419,0.032747208626069835,0.17088633970562755,0.028481056617604594,0.17088633970562755,0.028481056617604594,0.0,0.025596912050794174,0.17088633970562755,0.028481056617604594,0.05231258900317215,0.026715676952377976,2.5371013250121535e-05,0.02402844379220781,0.18750980175238396,1059,1053,6,175.5,0
5270,1.1895003396155701,0.027662798595710934,1.1639034275647908,0.027067521571274206,1.1639034275647908,0.027067521571274206,0.0,0.025596912050794174,1.1639034275647908,0.027067521571274206,0.05505230196825295,0.029455389917458774,2.479409925712018e-05,0.026382512503425982,0.05231258900317215,1231,1188,43,27.627906976744185,0
5281,0.565722313265205,0.028286115663260246,0.5362669233477628,0.02681334616738814,0.5362669233477628,0.02681334616738814,0.0,0.029455389917458774,0.5362669233477628,0.02681334616738814,0.06520433411832727,0.03574894420086849,1.9567019267032564e-05,0.025025898957343883,0.025596912050794174,1847,1827,20,91.35,0
5282,0.3007688682643419,0.033418763140482435,0.27131347834689723,0.030145942038544135,0.27131347834689723,0.030145942038544135,0.0,0.029455389917458774,0.27131347834689723,0.030145942038544135,0.09258537198499539,0.06312998206753662,2.503171374604941e-05,0.023131499586594058,0.0,2531,2522,9,280.22222222222223,0
5307,6.115642835481623,0.02658975145861575,6.090045923430895,0.026478460536656066,6.090045923430895,0.026478460536656066,0.0,0.025596912050794174,6.090045923430895,0.026478460536656066,0.05225322397460275,0.026656311923808573,2.334177926778334e-05,0.026362563528291392,0.11857375070245268,1372,1142,230,4.965217391304348,0
5320,0.23935653295006887,0.02991956661875861,0.2141676669183259,0.026770958364790737,0.2141676669183259,0.026770958364790737,0.0,0.025188866031747636,0.2141676669183259,0.026770958364790737,0.05900374859452029,0.03381488256277265,2.4136247368146075e-05,0.022544098044443572,0.3101796778158601,1409,1401,8,175.125,0
5321,45.87537638753379,0.017496329667251637,45.850187521501425,0.01748672292963441,45.850187521501425,0.01748672292963441,0.0,0.025188866031747636,45.850187521501425,0.01748672292963441,0.05900374859452029,0.03381488256277265,3.22969269940522e-05,0.017473826330640454,0.0,3669,1047,2622,0.39931350114416475,1
5322,1.5693366023538857,0.013077805019615715,1.569244344803465,0.013077036206695541,1.569244344803465,0.013077036206695541,0.0,9.225755049158124e-05,1.569244344803465,0.013077036206695541,0.0841679971730045,0.08407573962251291,4.276487264624258e-05,0.01237640504317401,0.0,2086,1966,120,16.383333333333333,0
5323,5.136457474878547,0.011945249941578017,5.075284928572946,0.011802988205983597,5.075284928572946,0.011802988205983597,0.0,0.06117254630547109,5.075284928572946,0.011802988205983597,0.0841679971730045,0.022995450867533407,2.163259724132964e-05,0.011749510413268703,0.0,1493,1063,430,2.472093023255814,0
5324,2.9181008557449815,0.013085654061636687,2.856928309439542,0.012811337710491219,2.856928309439542,0.012811337710491219,0.0,0.06117254630547109,2.856928309439542,0.012811337710491219,0.1467597623562682,0.08558721605079711,3.569108258999046e-05,0.012427538535375395,0.0,2621,2398,223,10.753363228699552,0
5415,3.407720681722772,0.012574615061707645,3.386894309093581,0.012497764978205095,3.386894309093581,0.012497764978205095,0.0,0.02082637262915199,3.386894309093581,0.012497764978205095,0.036174980781531474,0.015348608152379484,6.358164106205254e-06,0.012441128047753654,0.1259333897271162,2685,2414,271,8.907749077490775,0
5427,7.719766764713114,0.010306764705892008,7.708343431531683,0.010291513259721875,7.708343431531683,0.010291513259721875,0.0,0.011423333180950124,7.708343431531683,0.010291513259721875,0.02544671989841163,0.014023386717461506,6.359812570277327e-06,0.010272790447015625,0.1842756881339085,2954,2205,749,2.94392523364486,0
5428,5.353030675919037,0.03345644172449398,5.348316622734784,0.0334269788920924,5.348316622734784,0.0334269788920924,0.0,0.004714053184287081,5.348316622734784,0.0334269788920924,0.16897180067749673,0.16425774749320965,7.586962932711761e-05,0.03240036797025962,0.0,2325,2165,160,13.53125,1
5454,1.679988785920834,0.07304299069221018,0.7393250614256864,0.03214456788807332,0.7393250614256864,0.03214456788807332,0.0,0.9406637244951597,0.7393250614256864,0.03214456788807332,1.1049615412224298,0.16429781672727017,8.71144309264423e-05,0.025001184552104528,0.42494092118543847,1909,1886,23,82.0,0
5455,4.384116139603506,0.011817024635049881,4.380526266223723,0.011807348426479037,4.380526266223723,0.011807348426479037,0.0,0.0035898733795818316,4.380526266223723,0.011807348426479037,0.06441638507713066,0.060826511697548824,4.3262099358142834e-05,0.01164339556476112,0.0,1777,1406,371,3.789757412398922,0
5480,2.2458572245452686,0.012981833667891726,2.2345714273642807,0.012916597846036305,2.2345714273642807,0.012916597846036305,0.0,0.011285797180953239,2.2345714273642807,0.012916597846036305,0.03173967946666778,0.020453882285714542,7.437775376623469e-06,0.012798367312593067,0.15723357852474606,2923,2750,173,15.895953757225433,0
5493,1.37573419002603,0.013228213365634903,1.3644483928450202,0.01311969608504827,1.3644483928450202,0.01311969608504827,0.0,0.011285797180953239,1.3644483928450202,0.01311969608504827,0.06933277663030424,0.058046979449351,1.5388912897494963e-05,0.012561552051881978,0.0554105378285783,3876,3772,104,36.26923076923077,0
5506,0.658585149624308,0.013720523950506417,0.6471389204432877,0.013482060842568493,0.6471389204432877,0.013482060842568493,0.0,0.011446229180954504,0.6471389204432877,0.013482060842568493,0.02458744609523933,0.013141216914284826,3.9403948768470245e-06,0.013208285490188931,0.6333718841350517,3383,3335,48,69.47916666666667,0
5519,3.551806961844761,0.09346860425907266,2.0521341294984143,0.05400352972364248,2.0521341294984143,0.05400352972364248,0.025869676698413002,1.4738031556479214,2.0780038061968273,0.05468431068939019,1.7083061265039134,0.23450297085599203,8.136813700763082e-05,0.04851317987739073,0.09464772400678356,2920,2882,38,75.84210526315789,2
5530,1.4183151525350297,0.014042724282525046,1.4133041686768337,0.01399311058095875,1.4133041686768337,0.01399311058095875,0.0,0.005010983858170448,1.4133041686768337,0.01399311058095875,0.15566512014908085,0.1506541362909104,4.444074816841015e-05,0.01250148546916781,0.06688150440172791,3491,3390,101,33.56435643564357,0
5545,9.133923497977413,0.008893791137271094,9.122317764795643,0.008882490520735777,9.122317764795643,0.008882490520735777,0.0,0.01160573318095004,9.122317764795643,0.008882490520735777,0.055244039995379524,0.043638306814429484,1.6270807909928965e-05,0.008839999472231776,0.9652339684538518,3709,2682,1027,2.611489776046738,0
5558,1.705323858876305,0.011842526797752119,1.7022394290381655,0.011821107146098372,1.7022394290381655,0.011821107146098372,0.0,0.0030844298379832935,1.7022394290381655,0.011821107146098372,0.057529575839716074,0.05444514600173278,4.677418041385978e-05,0.011443015854420757,0.23083266920502865,1308,1164,144,8.083333333333334,0
5571,10.60239728027755,0.0092355377005902,10.600694590836692,0.00923405452163475,10.600694590836692,0.00923405452163475,0.0,0.0017026894397105252,10.600694590836692,0.00923405452163475,0.08533493087614374,0.08363224143643322,4.2888328941760623e-05,0.00916120413710924,0.079123910095241,3098,1950,1148,1.6986062717770034,1
5584,18.301918062462555,0.025174577802561975,17.725390766527084,0.024381555387244958,17.725390766527084,0.024381555387244958,0.0,0.576527295935378,17.725390766527084,0.024381555387244958,0.7404853543896408,0.1639580584542628,8.197902922713141e-05,0.024156028484281864,0.13173110349207207,2727,2000,727,2.751031636863824,1
5596,14.376437688789686,0.024366843540321502,14.351390924091264,0.024324391396764854,14.351390924091264,0.024324391396764854,0.0,0.025046764698409163,14.351390924091264,0.024324391396764854,0.053285300165079263,0.0282385354666701,1.2320477952299346e-05,0.024276529472245095,1.128803912865834,2882,2292,590,3.8847457627118644,0
5607,7.618077669375481,0.011121281269161285,7.607152192193933,0.011105331667436399,7.607152192193933,0.011105331667436399,0.0,0.010925477180954601,7.607152192193933,0.011105331667436399,0.02459319029841822,0.01366771311746362,4.195123731572628e-06,0.011085378801572354,0.13179337168667615,3943,3258,685,4.7562043795620434,1
5618,2.2668710196294555,0.048231298289988414,2.241824254931024,0.04769838840278775,2.241824254931024,0.04769838840278775,0.0,0.025046764698409163,2.241824254931024,0.04769838840278775,0.08494352009927297,0.05989675540086381,4.1885842937667004e-05,0.04642398935170601,0.05084031197046812,1477,1430,47,30.425531914893618,1
5629,11.391001558051542,0.026929081697521375,11.365954793353026,0.026869869487832213,11.365954793353026,0.026869869487832213,0.0,0.025046764698409163,11.365954793353026,0.026869869487832213,0.051586232431745316,0.026539467733336153,2.258678104964779e-05,0.026807128429361223,0.11081319679768598,1598,1175,423,2.7777777777777777,1
5641,25.44275481910514,0.02139844812372173,25.419063574458036,0.02137852277078052,25.419063574458036,0.02137852277078052,0.0,0.02369124464762251,25.419063574458036,0.02137852277078052,0.05029379707936954,0.02660255243174703,1.2661852656709676e-05,0.021356148883116714,0.5022065570031558,3290,2101,1189,1.767031118587048,1
5653,19.163059034927294,0.022439179197807135,19.13847703828016,0.022410394658407683,19.13847703828016,0.022410394658407683,0.0,0.024581996647619064,19.13847703828016,0.022410394658407683,0.05127656203174524,0.02669456538412618,1.9246261992881168e-05,0.022379136385123594,0.7313889281523984,2241,1387,854,1.6241217798594847,0
5664,6.163187611564936,0.02536291198174871,6.138605614917187,0.025261751501716816,6.138605614917187,0.025261751501716816,0.0,0.024581996647619064,6.138605614917187,0.025261751501716816,0.05052415608889049,0.02594215944127143,1.5534227210342172e-05,0.025154993643934344,0.05127656203174524,1913,1670,243,6.872427983539095,0
5675,29.470098022407015,0.019979727472818315,29.445516025759417,0.019963061712379267,29.445516025759417,0.019963061712379267,0.0,0.024581996647619064,29.445516025759417,0.019963061712379267,0.05174706346666369,0.027165066819044625,2.9367639804372566e-05,0.01994464471792566,0.3696895045079529,2400,925,1475,0.6271186440677966,0
5686,1.0954153721858901,0.026081318385378336,1.0719603547382386,0.02552286558900568,1.0719603547382386,0.02552286558900568,0.0,0.02345501744761691,1.0719603547382386,0.02552286558900568,0.05416463288888451,0.0307096154412676,1.60363527108447e-05,0.024791684268976325,0.07629824411428388,1957,1915,42,45.595238095238095,0
5687,12.99074992848736,0.024101576861757627,12.967294911039593,0.024058061059442658,12.967294911039593,0.024058061059442658,0.0,0.02345501744761691,12.967294911039593,0.024058061059442658,0.05416463288888451,0.0307096154412676,9.587766294495036e-06,0.02400108589164838,0.0,3742,3203,539,5.942486085343228,0
5712,25.4152815637145,0.020595852158601703,25.390699567067436,0.020575931577850433,25.390699567067436,0.020575931577850433,0.0,0.024581996647619064,25.390699567067436,0.020575931577850433,0.05186804571428638,0.027286049066667317,1.579968098822659e-05,0.02055381970664523,0.0787158135365047,2961,1727,1234,1.399513776337115,0
5723,3.2137784356688357,0.025710227485350685,3.1891964390210688,0.02551357151216855,3.1891964390210688,0.02551357151216855,0.0,0.024581996647619064,3.1891964390210688,0.02551357151216855,0.0505610200888853,0.025979023441266236,1.7001978691928164e-05,0.025305739324639604,0.3464822134857286,1653,1528,125,12.224,0
5734,2.07967496786857,0.026324999593273037,2.055092971220785,0.02601383507874411,2.055092971220785,0.02601383507874411,0.0,0.024581996647619064,2.055092971220785,0.02601383507874411,0.12337971448427254,0.09879771783665348,4.2530227221977386e-05,0.024763231055497437,0.07511220073650549,2402,2323,79,29.40506329113924,0
5745,3.96038726340678,0.025550885570366322,3.9358684560923547,0.025392699716724868,3.9358684560923547,0.025392699716724868,0.0,0.024518807314287017,3.9358684560923547,0.025392699716724868,0.051925833600002136,0.02740702628571512,1.1467375014943565e-05,0.025215880192301792,0.2715610063699785,2545,2390,155,15.419354838709678,0
5756,5.368035014642523,0.04005996279583972,5.343349231328144,0.039875740532299586,5.343349231328144,0.039875740532299586,0.0,0.024685783314282617,5.343349231328144,0.039875740532299586,0.055138111898408226,0.03045232858412561,1.4117908476646088e-05,0.03964848434883667,0.32354413805717286,2291,2157,134,16.097014925373134,1
5767,5.749723235751894,0.03639065339083477,5.725037452437518,0.036234414255933656,5.725037452437518,0.036234414255933656,0.0,0.024685783314282617,5.725037452437518,0.036234414255933656,0.052290362412698244,0.027604579098415627,1.2851293807456064e-05,0.03605970172999491,0.22827638709843256,2306,2148,158,13.594936708860759,2
5778,5.42838100728202,0.03571303294264487,5.403695223967675,0.03555062647347155,5.403695223967675,0.03555062647347155,0.0,0.024685783314282617,5.403695223967675,0.03555062647347155,0.050872081422220106,0.02618629810793749,1.2638174762518093e-05,0.03537834819644605,0.1759605589841442,2224,2072,152,13.631578947368421,2
5789,0.21828968868570087,0.00839575725714234,0.21032813257142877,0.008089543560439567,0.21032813257142877,0.008089543560439567,0.0,0.007961556114288726,0.21032813257142877,0.008089543560439567,0.01745008182857788,0.009488525714289153,2.9651642857153603e-06,0.0077246002637354995,0.2196344998716384,3226,3200,26,123.07692307692308,0
5802,10.813513501825156,0.028990652819906586,10.454306284758456,0.028027630790237148,10.454306284758456,0.028027630790237148,0.0,0.35920721706668957,10.454306284758456,0.028027630790237148,0.3924030201558679,0.033195803089178355,1.891498751520134e-05,0.027938633999113373,0.5014911604205139,2128,1755,373,4.705093833780161,2
5814,1.346173599390454,0.0498582814589057,1.3208904187428587,0.04892186736084662,1.3208904187428587,0.04892186736084662,0.0,0.025283180647619474,1.3208904187428587,0.04892186736084662,0.053238532266668415,0.02795535161904894,1.6103313144613445e-05,0.04788648396754761,1.4181984841304498,1763,1736,27,64.29629629629629,1
5815,5.1655400685070205,0.007154487629511108,5.159788911228852,0.007146522037713092,5.159788911228852,0.007146522037713092,0.0,0.005751157277380514,5.159788911228852,0.007146522037713092,0.0682322084450604,0.06248105116767988,3.734671319048409e-05,0.007059983185681385,0.0,2395,1673,722,2.317174515235457,0
5840,4.084612968122421,0.024313172429300128,4.060404347474743,0.024169073496873472,4.060404347474743,0.024169073496873472,0.0,0.024208620647620194,4.060404347474743,0.024169073496873472,0.053591347250794286,0.029382726603174092,2.4546972934982534e-05,0.023994176314712064,1.0396906875936338,1365,1197,168,7.125,0
5851,3.105749728942044,0.03489606437013532,3.081541108294369,0.034624057396565946,3.081541108294369,0.034624057396565946,0.0,0.024208620647620194,3.081541108294369,0.034624057396565946,0.050854983365077544,0.02664636271745735,1.0404671111853709e-05,0.03432466006266254,0.053591347250794286,2650,2561,89,28.775280898876403,1
5862,5.281574766623876,0.026276491376238192,5.257832317709684,0.026158369739849172,5.257832317709684,0.026158369739849172,0.0,0.023742448914283898,5.257832317709684,0.026158369739849172,0.08742698684213224,0.06368453792784834,2.151504659724606e-05,0.025841531242695243,0.3739346677841269,3161,2960,201,14.72636815920398,1
5863,0.5659806586781571,0.009758287218588915,0.5654859007468976,0.00974975690942927,0.5654859007468976,0.00974975690942927,0.0,0.0004947579311505024,0.5654859007468976,0.00974975690942927,0.08838904816376925,0.08789429023261874,3.6170489807662035e-05,0.008234338112317031,0.0,2488,2430,58,41.89655172413793,0
5889,8.19090298486362,0.024820918135950363,8.167382340749224,0.02474964345681583,8.167382340749224,0.02474964345681583,0.0,0.023520644114285005,8.167382340749224,0.02474964345681583,0.053305448584126225,0.02978480446984122,1.0775978462315925e-05,0.024659386473574223,0.5874860535087905,3094,2764,330,8.375757575757575,1
5900,5.764211473292839,0.04686350791294991,5.73442666882311,0.046621355031082196,5.73442666882311,0.046621355031082196,0.0,0.02978480446984122,5.73442666882311,0.046621355031082196,0.056556528101587844,0.026771723631746625,1.3521072541286175e-05,0.04640369874139229,0.023520644114285005,2103,1980,123,16.097560975609756,2
5912,0.2502641333910489,0.027807125932338767,0.22687073621010115,0.02520785957890013,0.22687073621010115,0.02520785957890013,0.0,0.023393397180953457,0.22687073621010115,0.02520785957890013,0.056449043410104593,0.03305564622915114,1.2583040056776223e-05,0.0215350099978827,0.7462505238857133,2636,2627,9,291.8888888888889,0
5923,7.563029877585059,0.030252119510340236,7.538799599337386,0.030155198397349543,7.538799599337386,0.030155198397349543,0.0,0.024230278247621584,7.538799599337386,0.030155198397349543,0.09318437409293523,0.06895409584531365,2.02627375390284e-05,0.029879382013968496,0.2502641333910489,3653,3403,250,13.612,1
5935,0.8610886647850364,0.02460253327957247,0.8373400718707047,0.023924002053448707,0.8373400718707047,0.023924002053448707,0.0,0.02374859291428777,0.8373400718707047,0.023924002053448707,0.04844937356190826,0.02470078064762049,1.612322496580972e-05,0.023218265463517948,0.45615404647390534,1567,1532,35,43.77142857142857,0
5947,4.4326405755081595,0.03235504069713985,4.409861390593943,0.03218876927440834,4.409861390593943,0.03218876927440834,0.0,0.022779184914284656,4.409861390593943,0.03218876927440834,0.04738261627936424,0.024603431365079587,2.228571681619528e-05,0.03200918218415179,0.21687832396192164,1241,1104,137,8.058394160583942,1
5958,5.173411283724107,0.027085922951435117,5.150873122809809,0.02696792210895188,5.150873122809809,0.02696792210895188,0.0,0.022538160914287175,5.150873122809809,0.02696792210895188,0.07905308042943915,0.05651491951515197,1.8137008830279836e-05,0.026672032477982555,0.45126133582225236,3307,3116,191,16.31413612565445,1
5971,4.876348930151799,0.02621692973199892,4.854043473237522,0.02609700792063184,4.854043473237522,0.02609700792063184,0.0,0.022305456914288868,4.854043473237522,0.02609700792063184,0.08696974234459276,0.06466428543030389,2.621170872732221e-05,0.025749350472081756,0.19294900500086243,2653,2467,186,13.263440860215054,1
5982,7.987024517843395,0.021185741426640304,7.965128467100718,0.02112766171644753,7.965128467100718,0.02112766171644753,0.0,0.021896050742860496,7.965128467100718,0.02112766171644753,0.04657697127619542,0.024680920533334927,1.6464923637981938e-05,0.021062195083732624,0.7323228869287206,1876,1499,377,3.976127320954907,0
5993,3.1587609949944095,0.02305664959849934,3.1368649442516703,0.022896824410596133,3.1368649442516703,0.022896824410596133,0.0,0.021896050742860496,3.1368649442516703,0.022896824410596133,0.04693983817143277,0.025043787428572273,9.489877767552965e-06,0.02271402304250348,0.17813068373332896,2776,2639,137,19.26277372262774,0
6004,1.163392759060173,0.02326785518120346,1.1406859069460369,0.022813718138920736,1.1406859069460369,0.022813718138920736,0.0,0.022706852114282583,1.1406859069460369,0.022813718138920736,0.04674491982221696,0.024038067707934374,1.7938856498458488e-05,0.02233295678475912,0.4643002116571182,1390,1340,50,26.8,0
6016,7.579596128101464,0.026973651701428698,7.557700077358727,0.02689572981266451,7.557700077358727,0.02689572981266451,0.0,0.021896050742860496,7.557700077358727,0.02689572981266451,0.04575806907936908,0.023862018336508584,7.378484334109024e-06,0.0268108115979434,0.06944415593650177,3515,3234,281,11.508896797153024,1
6027,23.54552423771422,0.018323365165536357,23.522817385599783,0.018305694463501776,23.522817385599783,0.018305694463501776,0.0,0.022706852114282583,23.522817385599783,0.018305694463501776,0.04843157897142447,0.02572472685714189,1.0723104150538512e-05,0.018285675220811513,0.0684573051936539,3684,2399,1285,1.8669260700389105,1
6038,26.54623975128878,0.01675898974197524,26.52344589615212,0.016744599681914215,26.52344589615212,0.016744599681914215,0.0,0.022793855136512775,26.52344589615212,0.016744599681914215,0.04642060627301703,0.023626751136504254,1.983774234803044e-05,0.01672968380367157,0.5025457732570828,2775,1191,1584,0.7518939393939394,1
6050,3.8304604192324803,0.0379253506854701,3.807881980984713,0.03770180179192785,3.807881980984713,0.03770180179192785,0.0,0.022578438247620625,3.807881980984713,0.03770180179192785,0.047397024965079027,0.024818586717458402,1.7639365115464394e-05,0.037456073210568326,0.5229455246729344,1508,1407,101,13.930693069306932,2
6061,9.525968848710676,0.020844570784924892,9.50339041046345,0.02079516501195503,9.50339041046345,0.02079516501195503,0.0,0.022578438247620625,9.50339041046345,0.02079516501195503,0.08724372342626907,0.06466528517864845,2.2321465370606988e-05,0.02065366548202277,0.9123075633777944,3354,2897,457,6.339168490153173,1
6074,3.04666201143543,0.020043829022601514,3.0259924297212115,0.019907844932376392,3.0259924297212115,0.019907844932376392,0.0,0.020669581714287233,3.0259924297212115,0.019907844932376392,0.043541551898414355,0.02287197018412712,6.039601316114899e-06,0.01975737144432247,1.5093385922518223,3939,3787,152,24.914473684210527,0
6086,3.5772086723599728,0.024008111895033372,3.556620015445884,0.02386993298956969,3.556620015445884,0.02386993298956969,0.0,0.020588656914284797,3.556620015445884,0.02386993298956969,0.08213722814430469,0.06154857123001989,2.0828619705590488e-05,0.023456855330306496,0.043541551898414355,3104,2955,149,19.83221476510067,1
6099,5.34677197414328,0.018893187187785442,5.326302008429418,0.018820855153460842,5.326302008429418,0.018820855153460842,0.0,0.020469965714283944,5.326302008429418,0.018820855153460842,0.0835137803982633,0.06304381468397935,1.6807201995195774e-05,0.01859808549026508,1.1589391370204822,4034,3751,283,13.254416961130742,0
6110,4.227602975306894,0.01870620785534024,4.208835089593064,0.018623164113243648,4.208835089593064,0.018623164113243648,0.0,0.018767885714282784,4.208835089593064,0.018623164113243648,0.04060013013332764,0.021832244419044855,1.3941407674996714e-05,0.01852656126182994,0.20633357468396696,1792,1566,226,6.929203539823009,0
6111,0.22641153843129302,0.007547051281043101,0.22641153843116865,0.007547051281038955,0.22641153843116865,0.007547051281038955,0.0,0.0,0.22641153843116865,0.007547051281038955,0.05092807511688591,0.05092807511688591,3.211101835869225e-05,0.005849448777146904,0.0,1616,1586,30,52.86666666666667,0
6137,1.0210597098322154,0.00618824066564979,1.0210597098320358,0.006188240665648701,1.0210597098320358,0.006188240665648701,0.0,0.0,1.0210597098320358,0.006188240665648701,0.013809819089175335,0.013809819089175335,7.071079922772829e-06,0.006104544792382061,0.22641153843129302,2118,1953,165,11.836363636363636,0
6148,14.970257950850112,0.02678042567236156,14.951872653021592,0.02674753605191698,14.951872653021592,0.02674753605191698,0.0,0.01838529782857279,14.951872653021592,0.02674753605191698,0.04691569510880811,0.02853039728023532,1.1131641545156193e-05,0.02669649777413471,0.28823719055920094,3122,2563,559,4.584973166368515,1
6160,10.651511592579041,0.031420388178699236,10.63343554275088,0.031367066497790204,10.63343554275088,0.031367066497790204,0.0,0.018076049828565033,10.63343554275088,0.031367066497790204,0.037659902476178786,0.019583852647613753,7.808553687246312e-06,0.0313092970209524,0.7126122957945284,2847,2508,339,7.398230088495575,2
6171,0.11266879639366323,0.006259377577425735,0.11266879639365054,0.0062593775774250305,0.11266879639365054,0.0062593775774250305,0.0,0.0,0.11266879639365054,0.0062593775774250305,0.008046374450799476,0.008046374450799476,3.6392466986881393e-06,0.005812356774603542,0.020210223478486,2229,2211,18,122.83333333333333,0
6184,19.307730202890852,0.01946343770452707,19.289908201062016,0.019445471976877033,19.289908201062016,0.019445471976877033,0.0,0.017822001828577072,19.289908201062016,0.019445471976877033,0.03801929726984099,0.02019729544126392,6.663574873396212e-06,0.01942511180002118,0.5892130476832733,4023,3031,992,3.055443548387097,2
6196,16.962315509125744,0.020436524709790054,16.944580598496973,0.020415157347586716,16.944580598496973,0.020415157347586716,0.0,0.017734910628576017,16.944580598496973,0.020415157347586716,0.0653457320103854,0.04761082138180939,1.666462071466902e-05,0.02035779491218718,0.2366017973840684,3687,2857,830,3.442168674698795,2
6207,13.234041455642227,0.0238022328338889,13.21630654501361,0.023770335512614406,13.21630654501361,0.023770335512614406,0.0,0.017734910628576017,13.21630654501361,0.023770335512614406,0.041604546133342524,0.023869635504766507,7.220095433988659e-06,0.02372740451350519,0.13864986732467344,3862,3306,556,5.946043165467626,3
6218,0.2190868046707095,0.02190868046707095,0.20084833884213585,0.020084833884213584,0.20084833884213585,0.020084833884213584,0.0,0.018238465828574135,0.20084833884213585,0.020084833884213584,0.04222183588571227,0.02398337005713813,9.350241737675684e-06,0.017686496878499724,0.07825661379048654,2575,2565,10,256.5,0
6229,13.942647170080264,0.04053095107581472,13.924408704251707,0.040477932279801475,13.924408704251707,0.040477932279801475,0.0,0.018238465828574135,13.924408704251707,0.040477932279801475,0.0669087658135652,0.04867029998499106,2.0061953827284032e-05,0.040336448849612495,0.060547869714284275,2770,2426,344,7.0523255813953485,5
6242,2.0572088724317155,0.03372473561363468,2.0384651255365123,0.033417461074369055,2.0384651255365123,0.033417461074369055,0.0,0.01874374689523961,2.0384651255365123,0.033417461074369055,0.038627556876193125,0.019883809980953515,1.0961306494461694e-05,0.03309149697632004,1.8768625311465996,1875,1814,61,29.737704918032787,1
6253,0.5414273879365368,0.019336692426304886,0.5233425701079385,0.018690806075283516,0.5233425701079385,0.018690806075283516,0.0,0.018084817828565747,0.5233425701079385,0.018690806075283516,0.0353462217650673,0.01726140393650155,4.245303476758866e-06,0.01807432736326677,0.9128354241524193,4094,4066,28,145.21428571428572,0
6266,9.198623023796955,0.04124943059998635,9.182634274438048,0.04117773217236793,9.182634274438048,0.04117773217236793,0.0,0.015988749358726295,9.182634274438048,0.04117773217236793,0.03411143542857076,0.018122686069844463,9.269916148258036e-06,0.04109646452183132,2.354253848127101,2178,1955,223,8.766816143497758,4
6278,0.5585131163429082,0.016924639889179038,0.5425123776507933,0.01643976901972101,0.5425123776507933,0.01643976901972101,0.0,0.01600073869205687,0.5425123776507933,0.01643976901972101,0.035768880863486174,0.019768142171429304,9.728416422947491e-06,0.015840734408467335,0.8086863486476403,2065,2032,33,61.57575757575758,0
6289,0.7738851958855832,0.016823591214903982,0.7578272625269855,0.01647450570710838,0.7578272625269855,0.01647450570710838,0.0,0.01605793335872363,0.7578272625269855,0.01647450570710838,0.03460075474285418,0.018542821384130548,8.685162240810561e-06,0.016071400894407152,0.5585131163429082,2181,2135,46,46.41304347826087,0
6301,11.78649512596219,0.017591783770092823,11.770200815917176,0.017567463904353996,11.770200815917176,0.017567463904353996,0.0,0.016294310044443705,11.770200815917176,0.017567463904353996,0.03406337655873415,0.017769066514290444,5.978824533745102e-06,0.0175409429095574,2.2325414725838186,3642,2972,670,4.435820895522388,3
6302,2.4090442936593064,0.006654818490771565,2.4090442936588743,0.006654818490770371,2.4090442936588743,0.006654818490770371,0.0,0.0,2.4090442936588743,0.006654818490770371,0.092453160401746,0.092453160401746,3.112901023627811e-05,0.006399423020048509,0.0,3332,2970,362,8.204419889502763,0
6328,5.816920662984245,0.027965964725885792,5.800224404292066,0.02788569425140416,5.800224404292066,0.02788569425140416,0.0,0.016696258692064703,5.800224404292066,0.02788569425140416,0.03488838973967745,0.018192131047612747,5.65499877140589e-06,0.027798232082906573,3.5462602278862505,3425,3217,208,15.466346153846153,2
6345,18.116001083628916,0.01417527471332466,18.103227798444408,0.014165279967483888,18.103227798444408,0.014165279967483888,0.0,0.01277328518095544,18.103227798444408,0.014165279967483888,0.027061874895238702,0.014288589714283262,5.121358320531635e-06,0.014154099537350296,1.6526942011935262,4068,2790,1278,2.183098591549296,2
6357,2.6602483282031244,0.012315964482421872,2.6470261256888756,0.012254750581892944,2.6470261256888756,0.012254750581892944,0.0,0.013222202514285186,2.6470261256888756,0.012254750581892944,0.02795689356190678,0.014734691047621595,4.831046245121835e-06,0.012186534419635266,2.6612450632636353,3266,3050,216,14.12037037037037,0
6368,0.3624038675048098,0.014496154700192393,0.3492692383238096,0.013970769532952385,0.3492692383238096,0.013970769532952385,0.0,0.013134629180953539,0.3492692383238096,0.013970769532952385,0.03273872424126978,0.01960409506031624,4.9542822998019306e-06,0.0131866057305416,1.2427895622095946,3982,3957,25,158.28,0
6379,0.5256798449777875,0.013833680130994409,0.5124923517968247,0.013486640836758546,0.5124923517968247,0.013486640836758546,0.0,0.013187493180950582,0.5124923517968247,0.013486640836758546,0.03488480528254456,0.02169731210159398,5.810742394642201e-06,0.012915658939348498,0.2601918363174889,3772,3734,38,98.26315789473684,0
6392,0.45872496523162454,0.009972281852861403,0.44970859311746025,0.009776273763423049,0.44970859311746025,0.009776273763423049,0.0,0.009016372114288629,0.44970859311746025,0.009776273763423049,0.021566617498422147,0.012550245384133518,3.8807190427128996e-06,0.00950344234202614,0.8197545604063521,3280,3234,46,70.30434782608695,0
6403,1.4572429278157415,0.009524463580495043,1.4481224597013622,0.009464852677786682,1.4481224597013622,0.009464852677786682,0.0,0.009120468114289793,1.4481224597013622,0.009464852677786682,0.024824554819048217,0.015704086704758424,4.504901521732193e-06,0.009362211588213681,0.33751236926968886,3639,3486,153,22.784313725490197,0
6414,0.8958364703682662,0.009737352938785502,0.8868139862537434,0.00963928245927982,0.8868139862537434,0.00963928245927982,0.0,0.009022484114282747,0.8868139862537434,0.00963928245927982,0.05003643196802443,0.041013947853741684,1.1066904439757605e-05,0.009193478678263497,0.577952801676048,3798,3706,92,40.28260869565217,0
